-356.87,-223.006,179.265,-82.6897,147.914,96.0657,-430.048,295.67,266.438,291.891
288.328,-9.51506,502.752,-374.75,-433.828,339.967,-81.097,-174.271,-71.0324,284.158
295.755,283.209,-260.455,-219.914,172.13,151.157,473.937,-390.33,-394.435,-414.375
-7.03777,-236.653,495.762,-427.211,-432.968,6.79357,-100.808,-410.176,-57.9886,-336.125
-415.342,88.8773,-389.347,-117.419,-255.655,28.015,447.987,-220.229,-425.734,314.228
60.5986,137.603,7.6992,-381.596,-428.669,328.807,-43.4871,277.446,409.681,-215.136
154.736,-81.2915,508.631,-180.866,-62.2829,-47.4163,-434.004,46.4895,-212.639,292.579
280.54,-487.46,-425.448,495.676,432.724,-417.699,-169.718,-189.414,-413.743,-262.371
-165.387,-440.108,385.233,-171.829,257.806,292.014,-180.018,320.251,-191.663,-414.546
-328.25,255.165,477.191,310.021,197.328,-445.598,103.528,-446.538,-410.602,335.275
260.571,-401.556,35.1818,-172.842,334.766,-56.9535,-483.697,305.534,-430.073,-441.81
-406.915,-50.0216,-149.371,-125.117,-379.113,-372.32,-432.891,480.06,285.921,-301.169
-32.4478,-42.2829,302.263,-375.595,-457.891,-394.654,-201.528,277.058,-312.571,-407.324
-373.79,-183.573,162.519,149.563,-463.294,249.614,-405.569,448.536,-456.734,273.334
-66.8045,510.602,-439.261,501.563,469.443,92.2732,247.501,277.549,251.793,228.565
-486.253,277.765,-111.406,-422.573,-212.138,-407.925,52.9603,130.946,114.167,-432.331
301.767,467.445,-426.769,-401.452,-284.392,-413.749,362.824,-198.915,-219.326,90.5124
-208.778,510.068,321.627,-338.739,247.815,-499.711,-400.188,-194.585,315.838,-200.991
-388.657,-353.226,-58.1243,-436.321,131.005,334.404,-456.358,8.97576,-190.296,270.461
494.087,285.229,127.975,119.211,288.349,49.7223,500.712,-404.872,-84.8382,-459.358
-420.47,-372.968,-244.995,349.627,8.02764,-178.159,320.135,-479.623,-192.22,368.042
-424.648,-451.738,49.5579,-425.282,170.443,-420.289,-366.257,303.909,416.353,490.211
-202.056,-13.9842,311.202,309.616,288.016,146.355,305.237,-80.9446,-91.7809,-367.981
495.109,55.6439,-431.885,288.477,103.674,312.99,-455.745,357.314,-374.285,-194.153
18.5825,185.588,101.18,-176.048,-167.936,310.02,141.359,293.351,-185.189,-396.942
334.377,509.12,-382.284,-426.968,132.29,330.904,67.5066,-75.6972,-409.379,-168.204
-113.855,306.566,100.715,-397.159,124.181,-62.3649,161.381,-199.319,-394.325,-405.189
-302.337,-441.707,303.178,-217.313,270.811,156.032,-228.045,243.998,321.599,181.384
-122.954,-187.284,467.447,-482.983,-443.491,-219.668,-160.982,286.525,-420.856,-419.598
298.762,-194.753,79.6434,-434.327,481.224,-379.818,477.611,-202.825,-352.818,190.616
0,0,0,0,0,0,0,0,0,0
90.4993,-7.06897,-27.6538,-33.6478,-18.4487,2.98229,15.4554,67.053,-7.29947,29.8571
-5.95686,-4.12823,76.8675,25.4774,8.58912,-60.9151,68.613,25.5825,-63.2847,40.4529
-36.0076,-22.2112,-1.1034,-14.4391,32.574,25.3169,-46.2261,50.3708,-26.5654,-6.72333
0.205534,-64.1215,3.42844,10.2989,-7.06041,-44.5873,-34.6844,45.9863,-92.9928,1.80273
-39.7853,34.1329,10.9306,-14.8077,-8.52687,-18.31,-66.3663,18.2711,-13.2643,45.5931
-28.3445,-64.856,-63.259,-38.72,-52.8534,-21.8919,14.3459,-10.7864,-88.163,9.97859
2.7751,66.0361,-47.7062,1.64877,30.9691,-66.1483,18.2571,57.8258,10.296,42.2223
78.0669,-66.3332,10.3153,-11.0195,25.3981,2.4307,65.6746,-24.8559,71.5246,-28.3331
28.6854,-47.2426,-29.1368,12.542,51.1083,-26.4823,-45.0574,39.0435,-62.7473,-14.2924
4.18649,-42.029,-2.94118,-39.0956,43.8,-64.7199,-23.1294,19.3366,-57.0652,-4.77841
3.30255,-36.9154,-6.52746,33.2206,-63.629,54.512,51.2837,-5.36524,-49.5145,-60.9046
31.4466,-63.1565,-51.6503,31.9782,-8.36901,6.55042,15.4596,-66.544,-39.9456,-46.6632
-31.3085,63.6327,-7.89192,-54.2457,1.71765,-3.54537,25.1716,18.821,74.6756,-59.4844
4.14998,-19.9745,-82.9038,34.8433,-12.1922,16.7316,-30.5006,-4.46908,20.3133,43.3906
4.10369,35.5005,-9.92588,-0.562508,-43.2921,-63.5979,26.3437,-68.964,-20.2311,-16.9997
11.9125,-40.9302,20.9269,-45.7296,-9.44919,0.68288,7.90918,-58.3197,13.7959,-77.9317
-48.7508,55.2226,-50.6547,-8.14883,28.4375,8.32013,-51.2764,-49.9726,10.104,-32.8082
-5.16369,26.6558,-6.55296,-43.9045,-81.2672,43.9251,30.0639,4.21368,-36.6439,65.0132
-54.7982,3.89374,-25.1295,40.5903,-13.6157,-28.605,-65.2067,-43.8102,-46.0857,-1.6375
2.45477,-22.307,-83.7751,-23.2096,-13.6089,-57.1342,-8.09052,-0.722307,-9.16522,-44.3807
57.4183,14.0568,-55.7727,-6.30662,-6.97937,39.577,17.9174,-18.2844,14.1637,-9.88006
-33.8599,47.2009,-61.7487,12.2227,-13.062,55.0135,43.2172,64.8969,-54.0916,43.8808
-62.3984,21.4879,22.9662,-33.3731,38.8997,25.8265,-74.8363,3.70347,58.1741,39.7771
23.4504,39.7148,-28.4413,-34.054,67.3947,-44.4269,0.482702,86.592,56.2254,10.4559
-64.0199,-22.5572,35.9888,38.7082,-18.7039,-26.8046,-82.0233,0.380143,-33.1637,28.5804
-27.3605,71.2985,-16.2205,-40.4768,-57.3458,31.6299,52.0061,9.97522,11.3836,-12.0331
-3.77278,-0.0722163,19.9808,-11.3789,76.6579,-40.3063,70.6103,-51.4268,2.79727,-7.04442
53.5624,-43.9432,-80.6885,65.8545,-27.8122,-36.2201,5.11327,0.0563467,27.0902,42.9743
68.4378,-29.2082,32.138,15.1242,-21.4716,-25.7368,47.9606,-32.5097,-71.2677,54.7854
42.0488,3.3756,-37.1893,-59.7901,-24.0075,-18.6714,-79.5093,29.5716,-43.3204,-3.25819
0,0,0,0,0,0,0,0,0,0
34.9443,-6.44016,38.902,-10.3216,31.7085,2.8369,-19.0986,21.5088,2.03823,-67.5795
8.53789,-25.9177,70.8761,16.0236,-3.94895,-12.5178,50.4852,-59.1463,-69.5715,-90.354
57.7652,2.85704,30.0201,-36.8716,34.013,-44.9012,-31.7438,-16.9109,43.862,30.2823
-42.2051,13.7728,-39.6473,-35.8646,-71.3826,-34.2981,-46.5992,31.8817,-2.30052,-24.3162
-41.1392,71.0975,-25.6737,-45.9995,-15.5435,-66.7762,36.0396,20.3336,-26.6821,-85.1136
-26.8558,-53.3455,-48.1675,23.185,-11.6803,35.4623,-75.6586,-69.8883,0.0718525,-66.7042
65.5335,68.7746,15.7157,41.8138,36.0105,53.0747,42.8949,19.5612,25.1657,82.7465
-54.4382,30.3658,10.5825,42.0036,2.22675,67.2913,13.7131,24.5617,33.931,88.9739
45.2479,-35.4872,38.4172,16.3124,4.52028,-32.7429,62.9465,20.9954,20.6177,-84.1267
-24.7479,7.13987,-48.4549,83.1502,41.8552,48.8616,-38.9202,-29.2493,-31.5182,-1.93549
22.8586,-44.9538,-65.3022,-48.8822,-13.4794,33.6287,-36.0262,31.5202,62.5512,93.463
-79.009,4.66955,-40.7126,40.5923,17.0663,-3.49692,-3.65542,-32.966,34.0045,-5.68344
-36.5085,69.0983,19.2179,0.12399,-26.256,25.3899,-8.99156,-43.9556,-32.6352,-98.9137
-1.31901,-63.5559,18.0371,26.4519,0.140028,-30.1317,-2.2872,75.1314,3.11292,-74.6676
-18.711,-76.3299,75.7306,-0.46123,26.0553,42.1087,16.732,48.9492,27.5475,-77.9143
62.3586,42.9154,-51.9836,-36.598,-51.8547,-24.7925,33.8132,38.2669,44.3998,46.4099
17.9422,-33.6422,-45.3199,-3.3032,-11.2063,-6.75862,34.7967,30.7483,-75.8722,-45.7265
31.2507,64.2842,43.6176,85.2656,30.319,-58.5665,57.2167,28.9576,40.1108,79.7191
-62.9317,40.0323,42.1824,12.5638,38.7552,-21.1537,74.5806,-54.7863,-6.43503,-96.8658
40.9022,5.01204,13.8168,47.0882,-5.6712,20.0977,28.3336,-84.3728,-14.9611,-29.4518
7.8193,25.2551,10.1617,37.9814,37.821,-35.355,64.792,20.1695,-33.1627,41.8132
3.28039,48.7517,-22.2503,15.0698,-5.41921,-51.374,-12.8911,15.7545,-64.6269,25.5992
11.04,-3.8623,-54.5475,-48.5817,-34.6121,31.3877,7.96796,-2.10159,18.2622,60.7598
-27.7204,36.4746,13.0827,52.7184,-76.3847,-11.4561,-69.1225,16.2438,46.3845,79.5049
21.1868,-50.4594,40.1893,-30.0801,-40.8338,2.95198,37.6709,-56.9436,-9.25459,-77.6082
24.4918,-18.4799,90.4304,43.1131,-48.912,-16.0293,17.9058,28.0209,-42.5294,80.5255
61.8849,21.5149,-28.7519,18.3975,-67.4622,44.9809,12.3905,-13.4923,35.8644,36.8481
34.7886,-60.1394,-7.1545,-18.3094,6.15962,-1.13272,-44.8561,-2.06197,3.33363,35.8488
50.8786,29.6017,37.3082,-50.5563,13.9806,-69.2166,-42.6424,15.4776,28.4797,-81.083
-8.17641,65.8067,42.4763,11.7224,34.0865,27.123,-13.2498,-22.0698,40.7907,-9.11476
0,0,0,0,0,0,0,0,0,0
-14.8867,0.259424,15.3107,-10.3068,12.1438,-9.17055,21.1975,8.84413,-5.29057,12.0411
-28.816,9.82607,12.2497,9.8728,9.45404,8.01827,1.59737,-9.6821,-15.2685,10.8014
15.9517,-12.4685,-20.7177,18.9382,-9.55856,4.12059,9.45869,2.0076,-4.61674,-2.02477
-9.75511,-10.6746,-20.1434,-20.3894,-9.54231,-6.78816,-4.19519,-4.56497,0.672155,-12.2734
1.27299,4.46577,9.86868,0.678242,-19.1834,6.59763,-17.5584,-21.6289,-6.37475,-5.829
17.4696,12.3667,-17.9749,-6.25422,-5.526,0.717722,2.40702,-10.5055,-25.7251,-20.8693
6.47388,-15.8912,7.70653,21.398,-18.7911,15.9751,4.96754,-16.7748,-5.39831,-11.7106
-6.31468,7.67992,-9.15106,-14.3181,1.8138,-24.2771,9.28607,-8.54213,-6.87828,-17.9675
2.11113,-6.6729,-17.4468,-3.2375,-9.23664,-19.64,-10.1528,10.9665,-16.2125,2.3084
-22.3745,-9.59773,8.63297,-3.53524,16.1183,0.0104357,10.246,-13.9502,0.520982,-16.8753
-11.699,5.03688,-8.09338,-1.92406,-7.02838,1.44978,0.345163,3.65587,23.0015,-24.6003
8.24867,-18.5426,13.1832,-7.21857,-6.20565,6.36737,0.807451,-14.152,-0.950668,8.74821
13.8137,9.8841,-7.99678,10.7859,-21.9224,1.7519,13.8129,4.56682,-9.15747,-10.0737
-5.17779,-23.75,22.8914,-17.3123,0.863945,0.685684,2.88652,-11.0847,4.31836,-5.35269
19.4005,10.0699,-12.9598,-9.50863,-22.1595,0.531182,-16.2326,4.98943,-2.57852,2.94765
-14.9513,-26.5392,-4.18744,-12.3642,-6.0262,0.990371,-11.2657,7.11662,-6.03553,5.71142
-21.0628,12.3229,6.62881,17.0848,16.0797,6.00776,-0.191059,-9.67481,13.6088,-10.675
11.1258,-10.4328,-0.507369,15.2455,6.24673,13.3237,-6.88793,8.99738,-17.5534,-16.844
-0.102425,-11.6831,7.2914,-3.17217,-4.44356,3.96556,12.2767,-22.0027,12.2785,-9.1908
-6.75065,-2.42048,-4.03959,9.46566,-11.8615,-24.2989,7.32061,11.2267,-17.19,-8.51838
-4.47656,26.477,-4.09996,-5.37106,25.4334,3.81155,-8.06304,-2.56605,-12.1738,-10.73
-9.75415,8.08458,-14.3132,-23.3363,-11.7208,1.69621,-7.68982,-2.89003,6.0567,-6.69766
-19.4555,12.0836,7.7429,-11.9623,-13.3826,2.75905,-3.8693,-13.2504,7.94214,-23.7375
6.51539,-6.09813,9.46128,0.00981262,-6.12246,-20.3816,-0.412313,11.9881,12.0739,5.05465
3.08999,-9.67549,8.31657,8.69711,14.9608,-5.86321,-0.706966,-24.4431,18.3711,10.9163
-11.7305,-8.15211,-15.1664,-6.52509,-27.9527,-6.45809,-9.51713,7.1019,-9.5933,-4.93256
1.39379,0.263718,4.95908,-11.2768,-15.3017,15.7101,-18.796,9.27276,2.46942,-18.0174
12.6458,-3.00722,-8.8102,-5.68299,16.0065,-6.17735,20.9853,-1.21599,-11.6926,15.8907
0.686343,-0.845748,24.889,-9.03578,-19.0667,8.50818,9.8713,3.31409,23.4412,7.68014
-4.02105,-13.5758,13.1432,2.07378,19.8201,14.7361,-2.19575,11.6435,23.9048,-7.32329
0,0,0,0,0,0,0,0,0,0
11.6769,371.69,103.456,-181.616,-152.057,441.913,-129.395,407.909,-279.541,-9.1267
65.4911,-322.701,21.5063,-132.46,-451.473,-141.445,-174.515,-103.815,-4.00956,0.568277
429.388,-6.66874,-75.5665,466.805,298.763,-197.458,-283.824,44.9048,-388.412,1.52734
-8.17232,-184.814,-330.266,-366.929,174.547,61.1974,-90.6011,439.224,-124.588,80.1984
-207.446,92.4177,-193.665,-268.554,113.932,-127.192,419.095,-309.204,276.912,-487.782
206.628,-182.532,-474.948,239.732,-392.167,-367.95,449.292,99.4833,-201.437,-26.3563
424.398,9.34683,214.202,-0.424292,421.279,-323.329,255.817,-136.526,431.859,-70.6483
153.847,238.906,-52.4272,474.056,96.0254,-45.9083,201.002,283.198,166.003,169.681
-349.672,-93.1793,193.053,173.833,-118.376,441.564,-494.445,405.412,107.065,90.9792
137.559,-297.257,-223.319,-18.9905,-91.7412,40.2523,90.1453,330.122,-285.415,-155.326
8.54867,-179.743,-215.642,-332.928,-113.748,-466.462,-488.997,-268.189,113.337,-220.86
-131.011,-318.703,-394.815,430.888,-178.097,149.256,-407.05,374.38,-424.344,-73.8308
337.315,274.641,-74.7523,-404.331,-142.041,307.272,229.466,-382.955,47.1896,-446.619
421,-259.221,-490.422,-42.639,-324.865,31.7197,231.544,-441.386,-291.194,236.317
-234.366,-123.379,-443.936,302.644,99.5832,-470.041,-24.921,160.341,-407.038,-476.835
248.593,-417.23,-116.634,385.114,309.91,110.059,-20.3536,223.573,-355.026,200.448
122.754,-73.0829,-7.51577,470.225,436.368,96.0432,-285.596,413.313,69.8394,461.306
-77.1211,388.324,38.2066,-351.627,447.856,-458.252,-173.191,-269.882,448.185,476.454
461.238,295.686,318.928,-91.1631,355.454,-287.133,-15.9496,-261.292,447.917,36.2487
56.9522,154.105,497.414,-231.274,283.577,-420.645,264.865,296.572,-230.726,236.669
214.033,-70.4261,-183.56,152.619,435.89,213.401,216.248,-414.343,361.494,319.878
41.1331,-454.912,305.947,-366.429,-171.578,-162.436,190.741,-188.125,3.89647,-114.794
414.424,-31.601,309.398,-363.988,108.807,254.773,-122.579,493.657,233.755,286.665
288.331,328.84,119.728,-59.8969,-425.957,-410.613,410.262,376.635,-294.772,472.131
381.548,-263.525,-270.974,-32.2648,359.375,-392.51,-103.216,-81.8483,-87.5066,-411.265
-484.937,488.856,-195.291,-251.661,-354.815,62.671,-482.164,73.4875,-321.903,147.098
-142.709,-283.073,146.439,311.667,156.158,214.241,-372.995,-183.795,308.316,182.935
287.812,467.387,-477.768,-303.159,-100.782,370.951,-442.179,-4.9403,-359.29,-54.9189
49.4044,145.142,363.96,15.2276,-9.45012,477.359,436.362,171.519,180.414,-418.675
13.0561,107.652,-99.9539,39.0113,410.346,-432.201,8.4929,143.952,-289.884,-27.3437
0,0,0,0,0,0,0,0,0,0
-15.7796,-24.2599,-13.3681,2.08887,16.5635,-12.6324,18.0213,2.19059,6.08121,-20.4506
20.9112,-18.8557,8.1686,0.322686,5.67106,-6.73176,4.68887,-23.3528,21.7416,25.1566
4.1919,16.734,-11.1525,-28.0618,17.8651,9.44886,4.15946,4.10292,-1.27076,-8.40401
-2.49642,18.7885,21.167,12.812,-17.1611,1.05974,-23.0426,4.89188,-4.71779,-7.20002
28.9674,1.94602,5.69758,-15.7101,-20.8694,7.80311,17.7082,24.5341,-15.0478,-16.7586
-21.9077,-10.8683,-10.2133,10.6302,-12.7967,-10.0334,6.02319,-5.46725,14.8498,25.8581
0.0994023,-6.6884,-1.23649,-10.0733,6.67293,-20.8289,2.14007,11.5031,-20.8314,1.41168
-11.2216,3.75536,13.3956,-19.2065,-4.46943,-1.67928,15.9705,5.06345,2.69533,2.88437
22.7426,3.20099,-13.6377,-3.94904,-9.71035,-29.27,-19.2683,10.7235,-13.3846,8.90492
-15.0567,3.67726,-13.1414,-9.66223,0.316704,-17.5788,26.3393,-6.13729,26.8842,-6.63716
28.3429,14.8118,-6.40555,4.73167,0.0999476,-0.803578,20.1744,11.247,-8.82387,19.8462
-12.8807,-23.5524,-27.9436,-15.9423,0.41067,-5.86943,-3.7088,14.3247,-13.1108,-26.7945
25.2202,-11.1781,23.3016,-9.69767,-15.4004,19.5082,-15.4485,0.400644,-26.0108,8.63478
-6.81407,-16.8007,-23.742,-15.1629,8.56494,0.128066,26.8446,12.9829,20.5412,-9.4125
10.2929,-17.1013,-9.90489,-15.8321,14.274,2.50049,-7.45106,-0.110494,-0.749417,22.5327
14.9836,-14.6107,-4.94141,-12.5802,5.95238,15.2023,29.1696,10.9981,-2.64842,27.3212
13.0468,-29.5868,-4.60254,-8.42037,-23.9375,-28.3781,-0.162562,2.35198,4.25578,-3.04787
-13.8364,-20.0715,-16.7932,-10.0082,-21.5802,7.70407,-3.78266,1.42913,-13.444,14.4806
25.6435,9.95919,15.9895,14.2085,-2.67737,6.53529,15.514,7.45732,-14.0919,27.0166
-19.3213,-6.79429,-19.2136,-3.8093,-0.504447,-17.389,11.499,12.6787,1.64984,11.1508
6.73295,16.179,-26.9397,15.9881,26.8401,23.8413,3.93417,-8.66363,0.992073,-4.64412
9.33579,1.1652,5.22573,20.3334,-1.3269,10.5667,7.65839,7.84734,9.20788,-9.79202
-27.2141,15.4776,-16.6759,8.14757,7.02265,18.6501,-25.3937,23.3795,-1.22769,-22.6117
4.39439,9.84253,-0.196784,23.3808,-7.6086,-17.0981,11.3926,6.75415,-0.759611,-7.74523
-11.2986,14.8519,-5.22442,20.4351,-27.0467,14.4218,-11.5502,-6.98506,0.0932963,1.88968
0.049584,17.7386,-3.23458,-0.4083,17.2107,-20.6275,19.5847,-5.06863,16.7875,1.63555
-16.2108,-23.0895,4.98791,-13.4393,-17.5977,-1.6683,-22.2334,-14.7499,-16.3618,7.34385
15.9409,-5.79428,5.98503,3.23868,13.5215,-17.66,-18.6211,1.28963,-16.6443,-25.6167
9.61418,8.86188,-10.2424,-4.55034,-8.4371,4.80106,6.33065,14.3616,-12.4452,8.74241
28.9935,16.954,16.8471,21.4987,-7.78647,-12.334,-11.4967,5.67294,11.7163,19.0137
0,0,0,0,0,0,0,0,0,0
13.479,-28.0715,19.8621,-19.9517,-22.4463,-2.95116,15.4992,-10.4451,-12.1701,-4.13195
21.21,-27.8204,2.51424,16.1874,11.6559,14.7895,24.4965,-18.0959,14.8166,6.21344
-15.1588,7.64306,15.5708,25.5737,-13.2993,1.11615,24.0363,25.1168,28.0006,8.9419
-22.9522,16.2249,-6.27469,-29.01,2.74356,-2.35626,-6.21608,25.9957,8.03659,-2.53457
17.0376,0.570708,24.9509,-29.0176,17.1048,23.7269,-28.9644,-3.25919,6.59687,11.3193
22.1088,7.13784,-20.5244,-2.14031,-24.2814,-8.8234,-12.0871,-24.5092,-20.8292,-28.5437
-29.613,22.4617,-1.95768,11.1415,9.02482,-20.5521,3.50775,4.45128,21.5003,5.76627
21.8069,14.657,12.2269,-19.5949,-11.9177,17.5265,17.2999,5.52033,16.3603,27.9151
-5.8364,27.3324,-25.3381,16.403,7.3712,-7.47467,25.6637,-13.9614,-26.5646,-9.73073
-9.08732,-20.5137,-9.01824,-16.6735,25.286,-9.16661,-29.5359,7.54235,-28.0118,1.12637
-27.3916,-10.8384,-19.3488,12.5131,20.1485,24.381,16.9115,-5.88414,-23.3348,-18.7014
9.45444,29.5656,2.68973,10.4071,-20.281,-12.1526,-13.1299,-15.5111,-14.7956,-21.5141
11.4533,-27.2845,-9.33231,-3.93149,21.5086,-6.60072,-8.27863,11.5995,8.36234,22.9617
-29.8011,-27.9696,-21.1526,-2.80419,-25.4719,25.0494,-22.5552,12.2324,-21.4307,7.59454
-26.8795,-24.5642,-10.8921,3.18987,18.3183,-0.583914,-2.20888,-19.1136,18.7769,13.8967
-5.2027,2.69475,-14.8622,-0.629351,15.7213,-12.1194,-22.3438,-12.5561,-10.8431,21.9086
-28.9269,-22.2023,1.72986,27.4832,28.3695,23.8087,2.82661,-8.80215,0.192013,24.9855
13.6106,3.35206,-19.4571,-13.9797,-18.2876,23.6012,3.87164,23.5111,-3.11263,-18.8785
-8.9263,-2.04373,24.668,19.2226,10.5116,11.3199,19.5866,-1.0761,29.5762,6.13763
26.8393,-1.39394,-18.4859,5.18647,22.2291,-27.2381,23.3679,8.04942,-1.21321,12.7088
6.4006,15.227,16.8208,-10.0294,-24.9013,-6.85294,16.2033,22.2783,3.76805,-18.6196
-9.10081,-24.119,15.2151,23.4696,-3.39046,-17.1526,5.66494,-27.578,24.7675,-13.7758
-0.829163,-10.4235,-27.4252,23.0665,-22.7995,-12.6185,-21.475,-13.4344,6.20541,8.4473
-25.19,-11.064,17.2282,-8.31517,-11.5035,16.2249,5.21311,-14.3555,12.1582,21.8533
0.355004,-12.364,16.971,20.8039,6.36249,-13.1337,-22.468,17.1858,11.8415,0.0629199
17.0445,-19.6497,-16.6327,23.253,28.6916,-26.7651,19.1827,-22.6074,-26.6304,23.1951
-10.7075,28.9026,-1.65287,-21.9489,13.4084,-3.23027,-27.9359,9.62764,2.83566,-21.5794
-12.7051,-21.4024,-26.6413,7.09378,-20.6721,27.2733,27.0809,23.4765,13.5537,-28.867
-0.761391,6.85922,-20.8271,14.1955,-9.04187,9.74961,9.34088,0.988337,-10.6562,15.8646
-1.29757,-23.6075,-18.0605,1.82645,17.3796,-5.78771,-19.7571,-2.83801,-8.75377,-14.9725
0,0,0,0,0,0,0,0,0,0
-17.8699,0.83286,6.10653,-6.12908,-8.38348,8.74069,7.24698,6.48317,18.7247,14.0164
27.7481,-2.52061,4.09871,1.49269,12.0592,4.09301,11.9109,-16.7648,-12.7631,4.99981
6.15275,-5.95603,-0.202641,-28.7679,-0.267152,1.11237,15.9435,5.59909,24.6272,3.73617
-20.0008,11.1923,2.33013,-1.54752,22.3514,-21.8935,-0.602706,0.699261,17.1489,-21.6388
3.1118,12.8548,-2.71821,14.2522,-9.52996,-5.54674,-3.96077,19.5344,-23.1089,11.9915
-2.91416,-16.8229,-3.48574,23.093,-6.36704,8.06325,-11.4765,-3.41804,-25.0676,-7.45325
-4.37898,18.1045,13.0775,-5.26395,-14.1993,0.0703598,-3.83198,-2.14677,21.6794,-28.963
-30.9679,-7.1984,-7.50947,0.00776317,18.8978,0.223255,-2.08967,-13.2822,-5.71244,19.8606
24.5291,-13.459,2.58708,6.69197,-16.6769,-7.61128,1.86777,-21.9401,16.8227,-5.50157
26.3686,15.2453,-6.20041,6.97454,7.88409,5.17892,-4.85876,6.66052,-26.2731,12.2227
-5.61098,23.3089,-21.6155,2.31418,-0.575255,-4.00984,7.08743,2.82008,-11.7206,19.5112
-5.6713,15.7222,1.0679,7.70187,-27.1759,15.2814,-4.07375,0.455796,-1.01188,-19.6964
-3.06913,-3.07802,24.2533,7.19898,-8.22313,12.5795,3.03718,-9.10762,1.15428,-25.8868
8.6505,8.7842,-22.6998,2.07057,4.13126,15.0996,14.7522,19.0145,8.2951,3.04018
-3.16523,23.1484,26.3036,17.175,1.34012,1.66705,6.52446,7.3019,8.34011,4.29264
5.62306,-15.6644,5.84808,-0.0972594,2.78975,-16.8221,-3.8829,-16.96,-24.6845,2.31923
-0.857115,12.0062,16.3531,-8.34243,15.0344,-8.22452,-4.72901,11.7751,-0.931557,4.41684
26.5106,5.73274,1.03918,-3.31515,30.5268,0.685451,8.2259,-2.75892,-3.54129,-23.6487
29.5411,4.52516,0.0191287,12.6567,-17.158,-4.02572,-4.43991,-20.6815,18.8529,-5.45388
4.40984,8.45444,-0.469384,14.0373,7.63036,-6.13897,-0.0856542,-8.56239,-3.5423,1.69842
0.00563087,-4.12548,-8.37131,-11.0467,-20.928,-3.07961,18.1708,-14.9742,16.333,29.2265
23.957,11.5715,-10.6708,-8.87511,-5.89866,-22.7193,-8.42376,-6.35399,1.98876,-16.6148
3.18326,-22.5184,27.2726,11.216,-10.8823,7.11687,0.691728,2.66309,14.5636,0.770565
-6.77303,30.5842,-6.61741,-3.73102,-3.03584,-4.50126,9.13922,-2.93556,-3.22143,-18.293
-1.9662,19.7046,20.1747,-8.35558,-6.40183,-0.471048,-16.3433,15.3325,4.41423,2.03598
-15.9384,-5.51083,8.40652,-9.41543,-1.36918,-10.6712,12.4708,4.65232,20.4354,-2.56177
7.60652,-18.7471,-23.7424,-16.3993,10.6802,-9.10801,5.36166,-5.40025,15.0739,3.88492
7.4814,9.7092,17.5462,-11.7136,23.3198,13.1076,-8.42834,13.8929,-6.12365,-6.45885
18.054,-6.19459,-12.0039,-21.5479,0.293482,-16.9038,-3.11462,-8.97693,-2.36059,-5.26616
-13.0077,21.9757,22.8047,2.00386,-10.7973,2.39537,7.66776,-1.65275,0.351512,10.406
0,0,0,0,0,0,0,0,0,0
29.1961,7.03475,-1.53188,-4.2815,-8.02143,15.1004,-29.7928,-20.095,-5.26963,-19.3383
10.5837,2.11697,2.73855,1.62803,-2.64621,18.6617,31.6016,-19.0124,25.9963,20.3901
0.970478,1.40292,-3.35473,-5.32762,4.15742,-21.0858,-4.78043,-20.9011,18.6754,13.1105
19.5446,2.19329,7.72275,-12.168,-1.67977,-1.29442,-16.4747,8.81271,5.45718,-18.2551
-28.3805,-15.6151,-14.6742,0.548051,-25.9047,-3.12563,1.62907,7.76456,5.2472,6.77361
7.37914,-4.56307,-2.00188,-23.028,27.2133,-19.6227,-4.48347,-4.56166,20.0144,25.0736
16.4673,7.89073,-30.0179,28.0587,-16.0068,28.876,-3.84122,-1.65708,22.857,-1.16006
30.7749,-0.772227,-8.92724,-3.50171,1.55237,-14.5467,1.48074,-4.75685,3.10542,3.17437
-13.7221,4.85881,-0.0681727,-8.827,-27.9787,-28.2494,1.92691,0.012903,3.21498,-9.87966
-6.2541,-2.82188,5.28102,-2.0728,-5.84982,9.52342,11.0412,25.9486,24.6776,31.5147
-8.7498,2.84155,2.50394,7.43284,-15.2814,-21.5111,-16.0772,-24.166,13.3983,17.3838
22.2219,0.367987,15.7149,-2.2545,2.41455,-0.47386,-0.805092,-28.8551,-4.62021,-23.0283
0.220348,-0.808415,-8.90179,-14.4649,27.8521,-3.95853,-1.46564,3.58564,-4.11289,-24.6179
-30.4483,-6.58094,12.0353,5.09198,-6.03985,-7.6801,2.13145,7.01042,10.8709,11.1936
-31.5758,18.0445,-7.09556,9.10025,3.18047,3.03785,7.24048,-25.3175,-0.74793,-19.307
-26.8386,7.37572,15.5574,-11.1365,-1.88189,2.00159,-16.4889,4.25217,-13.9256,-5.81534
29.3439,15.797,7.01406,5.92195,2.03784,-14.4751,-8.88026,13.4766,6.21385,3.49992
-27.9194,13.0244,-30.0589,-31.2344,1.39937,-1.31566,1.9529,-24.8745,-28.581,4.9704
-1.97694,-28.0249,-17.6578,-3.01034,31.7441,2.42095,-0.364509,-2.83135,11.4088,-5.32661
1.42999,1.74901,20.784,-2.35593,-1.33357,-4.89985,-10.5793,26.383,10.1667,20.5439
2.76013,13.4886,6.34348,9.51793,-19.3816,-2.65361,-8.86234,18.9421,1.61766,-3.10655
-1.89016,15.483,0.392101,-4.76184,8.82371,28.1353,-3.09508,-5.19369,-22.212,-25.2889
29.5734,6.83468,-1.374,0.104821,2.84652,11.5432,-3.31066,14.8194,8.26625,3.87817
-11.4801,-23.2703,-12.9794,-8.41211,10.3264,-11.8042,-7.6011,2.0084,-3.56798,-28.4491
4.66282,-1.12164,-4.57769,-22.0702,-10.1059,-1.06266,4.57445,-15.212,25.0566,26.016
28.1005,19.666,5.37284,-0.768475,5.60971,9.39752,-3.88463,-3.47286,-0.720512,5.41562
12.1807,3.24722,8.69809,12.1035,10.6835,2.32661,8.27408,-26.8144,-4.95446,-1.57097
19.5531,-0.14153,5.22892,-27.16,-15.8509,13.3908,-5.41106,9.32149,5.66025,2.46916
-20.6841,-4.84807,1.5567,-6.84134,9.20549,-11.2013,-26.5865,-25.8862,4.86803,-5.36148
13.4988,15.504,-17.5431,-3.26138,-4.23655,-1.61932,-19.1865,-9.36641,2.84327,-26.0772
0,0,0,0,0,0,0,0,0,0
-146.283,-59.404,409.278,-362.775,-440.785,-193.509,481.89,135.362,-305.043,191.921
71.5833,332.343,238.294,398.697,-39.4803,-343.474,306.984,177.379,465.553,-306.958
382.712,156.205,-89.2484,374.129,459.028,411.408,-385.781,406.701,-87.2809,-452.231
-62.4378,484.733,391.178,422.685,481.005,361.532,-404.023,-289.211,178.694,-232.631
430.955,-123.8,212.715,-14.4951,-390.662,121.644,261.352,-419.402,399.009,-385.564
-139.35,427.595,172.456,-236.938,-2.02712,-1.51085,-441.061,-174.208,-143.212,447.334
-133.688,375.469,399.52,-129.124,433.552,31.9052,-347.68,168.579,-436.741,-294.038
-272.264,462.034,-364.685,161.637,-273.953,274.038,-480.224,-214.27,-229.094,-33.9795
-85.8437,-316.84,178.678,64.8515,-60.2032,30.387,-425.009,90.7003,-393.792,96.8277
450.116,419.626,-51.9113,-347.394,468.28,-310.412,236.031,257.302,-489.626,-486.503
455.722,-23.6823,-364.819,-457.463,59.0181,8.08623,482.785,-297.17,297.524,464.015
-478.173,255.936,-19.0284,-319.824,493.572,44.6181,88.2609,462.421,-254.105,315.522
443.989,404.774,-282.09,-418.644,-127.698,-409.831,-410.817,417.629,-348.455,-484.193
-453.742,11.9967,386.112,417.066,-364.563,-70.4564,-304.095,-205.518,442.258,444.971
464.382,479.427,-1.10923,305.353,330.949,458.609,-14.1721,175.859,-212.086,-467.123
482.817,-219.594,-226.617,431.6,-283.392,-492.856,312.78,482.021,-309.595,-405.352
-272.882,15.5,-170.43,-234.044,260.195,-452.328,66.079,-242.495,494.828,-372.993
383.704,481.471,-237.235,-413.58,373.557,467.93,166.63,-221.965,-43.2786,442.419
-109.666,-476.364,419.005,178.381,-115.742,-462.378,472.818,191.719,73.8633,261.083
-222.937,-212.858,-35.5409,-294.479,-427.615,101.404,404.504,-381.374,-169.39,-116.975
149.125,-449.77,-285.638,485.946,-384.545,490.562,451.656,-319.134,480.186,-3.22132
-420.078,411.077,277.5,272.195,-104.178,-488.698,-395.623,-155.652,-166.587,42.8457
-162.812,-227.731,-184.812,49.3596,-162.999,-317.065,-4.27906,-341.388,205.517,97.9867
-450.418,371.004,376.941,-342.813,-80.1397,493.087,-127.519,15.5231,392.626,-75.1572
381.489,392.597,-376.846,221.716,-317.474,-463.865,73.6883,-422.37,308.733,454.289
-326.015,-464.304,24.2719,397.173,355.242,-344.339,73.8946,-460.264,150.216,-429.409
376.05,-397.158,99.0079,311.725,-363.342,-328.167,488.285,365.953,-153.753,240.678
30.8623,-211.575,-408.253,-388.62,-415.365,497.086,396.579,-278.635,-458.758,-477.265
60.8867,-460.828,-411.075,-203.352,291.223,329.408,284.178,17.5092,-104.865,234.773
60.9826,-385.561,-297.611,463.999,-260.715,293.654,54.1231,-185.397,-472.805,272.051
0,0,0,0,0,0,0,0,0,0
173.671,255.281,142.793,-218.881,173.472,-82.3948,177.155,456.868,149.473,-188.512
-459.624,267.298,210.122,-426.941,336.964,-30.7093,461.158,32.8381,-276.173,51.6436
149.171,-470.827,490.889,-334.914,499.709,328.751,496.594,-241.911,-360.799,231.013
269.232,-391.688,-348.336,160.31,449.492,396.659,-273.621,410.21,-196.347,-301.746
57.359,40.1053,462.455,126.298,346.842,-499.261,409.024,187.385,-288.037,230.297
320.634,-4.38955,423.786,66.6195,343.598,-468.393,193.06,71.0083,-276.68,456.447
285.589,433.782,-225.361,383.168,-108.095,107.315,461.883,-84.8403,174.899,357.575
-71.0306,-174.843,-10.3473,-276.554,-369.209,264.036,202.841,-381.817,-317.048,-381.436
-17.0468,450.926,70.1358,-29.9026,-376.786,-319.367,-335,-458.65,-263.933,462.651
-106.097,79.7381,246.822,215.363,381.972,-306.943,136.071,36.8629,-170.627,-46.1364
179.659,450.793,21.1224,240.886,482.584,281.78,-356.59,-7.42679,486.077,-118.579
233.37,110.448,235.642,-163.319,377.52,-78.069,-341.052,-245.741,350.044,-281.438
-150.75,-393.658,-490.014,210.233,-55.0247,452.795,38.0131,-227.758,-178.59,-323.331
-475.808,6.81771,428.678,472.393,203.695,-308.687,326.561,-281.518,250.458,-436.21
-15.1276,-490.404,43.398,-79.2453,-383.466,161.297,437.971,472.831,8.65247,468.447
295.364,247.392,88.3273,-376.338,435.879,131.074,177.999,148.535,379.907,28.1001
-47.1408,-192.926,230.314,-221.61,-289.921,280.138,-95.8299,96.1168,-371.94,-90.3666
402.892,398.915,438.306,167.505,-176.456,-64.5578,490.819,-239.003,74.7903,-244.05
-285.646,472.313,436.574,6.37245,-136.71,347.138,339.601,232.329,83.6733,-496.137
300.747,67.2221,213.617,335.549,-427.873,-248.105,307.17,-91.1508,-48.8807,-415.818
333.34,-186.626,434.193,6.36975,427.658,-314.947,287.029,-277.45,443.749,-214.627
216.899,-209.123,348.722,-495.149,-367.48,43.0915,-348.81,248.772,-216.8,-298.588
-335.698,365.486,206.592,216.839,90.8719,112.748,50.6871,-93.5317,129.434,444.665
-408.254,-132.075,-95.925,-202.954,226.167,-205.717,-239.597,305.866,-93.2041,159.228
-449.22,150.278,159.737,359.816,224.757,-37.5506,-277.228,-367.138,443.445,112.302
41.3574,-129.785,304.68,256.243,499.512,-324.579,212.97,205.667,361.42,-193.861
-379.563,-122.561,-412.07,-285.985,-77.1392,290.227,319.996,1.85291,-369.217,420.353
254.121,105.408,151.093,-224.747,-173.758,413.54,-413.532,-397.711,453.909,-205.155
443.178,23.3124,130.123,369.125,-362.738,-60.605,-118.644,-212.418,96.6494,431.082
-57.6189,455.73,-432.369,-105.915,-382.607,254.206,203.103,117.14,-451.376,-311.571
0,0,0,0,0,0,0,0,0,0
-68.8198,7.75865,-45.0073,-11.0583,56.8822,-38.277,29.1093,49.8451,47.383,16.0233
-17.8964,-19.7988,85.3087,82.5543,-44.3213,10.4924,-99.3724,99.3302,54.1323,-5.54257
-25.4874,-21.4095,-19.4895,1.63375,-56.8248,-78.0362,79.4979,70.3936,91.3098,69.3586
-8.67908,-25.0032,-22.6941,14.3442,-35.7032,-52.7321,87.7317,-56.662,1.79051,94.7699
-6.82225,88.015,86.0334,-18.234,31.5246,-70.8778,98.8496,-15.1314,-33.7732,2.64393
-44.6709,-43.6706,47.2664,89.2674,32.7686,-45.5539,-69.2767,-30.0475,-80.705,-62.1618
36.9235,-71.6005,-89.1676,-1.86709,41.6568,-40.8837,-31.3739,-37.4224,38.706,40.4052
-48.3514,-22.4042,-15.54,-66.3735,69.0163,6.40791,87.3505,-78.3604,-78.5033,-72.153
-28.3827,60.4672,-95.9593,-52.1523,-9.84867,75.7316,95.2457,97.0999,64.6914,-53.9282
79.078,27.5525,87.7312,-4.95119,16.5857,-23.5791,-19.7644,-48.1741,49.7491,86.9091
55.8329,60.1707,55.2667,52.6475,69.4664,-56.8155,68.829,-96.0123,-42.1279,-92.9753
35.2166,-73.7534,92.4388,68.4988,45.7329,-78.22,65.9157,-23.2033,21.4098,21.3306
-94.7455,-10.6446,-8.87012,-96.9417,8.11245,-59.6311,-87.2877,-90.0381,34.9163,-83.9594
-56.3538,32.5666,-34.575,-82.9667,1.84511,3.12551,-4.54331,16.9724,-12.7162,-48.2777
36.8232,74.7466,47.0714,3.81104,-5.97148,48.1312,51.4689,-93.6115,-98.6118,-58.9124
-20.4161,24.0503,-32.4032,-92.4735,12.3656,13.08,12.0223,57.8222,-7.81072,-22.9318
-63.8088,-54.2825,85.6805,-76.5179,-73.8297,70.894,93.9162,-86.8719,69.8793,39.3668
-87.9485,94.1784,93.1318,73.2572,61.1588,59.1853,84.0795,19.8887,95.6075,-8.11898
-96.4376,-93.1931,39.1629,11.6154,-31.1505,93.5694,97.374,1.07157,-37.4967,-7.68765
-88.2619,82.8306,26.5912,82.2863,83.712,-27.158,-29.7035,45.4522,-85.9758,10.3549
65.5655,-20.1796,-59.9712,-41.64,51.7762,66.7592,-13.6295,23.6354,24.9129,8.97293
-91.2202,27.0308,-86.9313,34.8954,-91.9195,-86.6329,-81.6461,52.9081,96.2885,-73.782
14.7708,-69.8738,-25.7824,62.2956,61.4847,-19.8304,99.5491,36.3382,-2.81946,-30.9647
-5.23797,-45.5867,89.6888,93.6186,80.0955,-97.8493,15.9653,19.7491,-25.0997,70.6332
-59.3623,28.8904,-62.4721,-67.7452,-23.9439,-66.6392,-91.6867,-66.6249,62.3672,64.8121
-76.9731,-14.8566,-44.8578,-18.06,-79.2251,-9.7552,-12.3112,47.0329,43.2643,81.2594
-49.8761,-51.9053,72.224,36.1595,23.1039,-90.1862,-23.3939,-26.921,41.6417,-7.6036
87.6018,29.4072,-46.534,-63.3803,-67.2848,-70.0747,86.484,-61.4142,-93.1591,41.2272
9.36536,-32.9501,7.07927,9.75692,31.4386,-9.69577,-82.799,28.2944,90.2185,38.3626
84.2292,-70.3028,-79.1312,86.2499,-26.4126,-62.0364,16.3586,-41.2933,-41.541,-74.7657
0,0,0,0,0,0,0,0,0,0
2.23841,2.71203,2.43228,2.34431,2.58279,0.684138,0.794098,2.59646,1.28166,1.40138
1.83678,2.84224,2.26092,0.427284,1.38775,0.465863,1.91268,2.7153,1.64584,1.53755
0.974635,1.47587,2.38566,1.35331,2.21254,0.946491,0.926044,1.25824,1.35146,1.56187
0.14065,1.48383,0.434513,1.16077,2.64365,1.59889,2.89854,1.05176,2.07147,2.08287
0.659553,1.51409,2.58569,1.30015,2.59913,2.03654,2.45045,1.55165,2.46259,0.598285
0.241448,1.33956,1.31877,2.51061,1.84844,0.739987,1.7889,1.78631,2.212,1.73082
2.36389,0.724971,2.25027,2.50405,0.414126,0.314234,1.74043,0.744615,2.83529,2.10913
2.21575,0.573408,1.30796,0.386541,0.302528,2.41326,1.50524,2.69069,2.84399,2.34988
2.18932,0.0498721,2.18702,0.318066,0.968752,1.9483,2.13235,2.53787,2.63142,0.672454
2.42221,0.539999,1.48393,1.14188,1.89103,0.146049,2.17036,2.09548,1.31374,0.189799
2.26697,1.57207,1.20287,0.636276,2.57911,1.73278,0.871371,0.473167,1.30568,2.14245
2.38087,2.692,1.44008,1.09684,0.245896,0.277648,2.90163,2.1252,1.93435,1.02145
2.29676,0.213958,1.26306,1.16986,1.82141,0.907313,1.705,0.651878,0.381303,0.731244
2.15602,2.6737,1.30832,2.62598,2.49669,0.6859,1.48837,0.790703,2.8365,0.762404
1.36243,1.59527,1.77814,2.4974,0.0690579,1.57936,1.11133,2.05181,0.299058,1.17434
1.08802,1.5523,2.46639,1.02217,1.23639,2.39044,2.20256,1.51313,2.22533,1.79066
2.04206,1.49908,2.10995,1.35732,2.56044,2.67471,1.16757,1.33735,2.75156,1.87435
2.58103,2.46868,2.2884,1.68683,0.802008,0.928493,0.575527,1.36338,2.45973,1.711
1.33787,1.84421,2.10089,2.54365,2.20926,1.59901,2.72252,1.74411,1.22144,0.714467
2.47582,1.48607,0.016194,1.10146,1.73725,1.61838,1.43398,0.201593,2.12834,0.565017
2.67461,0.034395,0.467941,2.0501,1.74064,2.03132,0.902682,1.07738,2.3695,2.33706
1.17975,1.6287,0.129967,2.43762,1.3538,2.52453,2.2099,1.22113,2.67131,2.32686
2.86664,2.90314,1.29582,0.99423,0.438715,0.695668,1.45424,0.816024,2.16356,2.47331
0.562855,1.18879,1.43488,1.08969,1.17859,1.15644,2.21939,0.106198,1.9729,1.54093
2.2926,1.57418,2.18509,0.838687,2.21053,0.258824,0.445632,0.56708,1.62342,1.03746
0.65118,1.52801,0.517903,0.429571,1.86854,1.12703,1.91053,2.3573,2.81098,1.22156
2.32857,0.15484,1.25152,1.16479,1.5999,0.749195,1.18575,1.89161,1.43534,1.87555
0.817342,1.36616,0.328582,2.37853,1.03083,2.70712,0.857417,2.39195,1.63942,0.815126
1.12221,1.86462,2.22739,0.940047,2.5844,0.427426,1.48685,2.69591,1.5027,1.24149
2.1747,1.44649,0.245786,2.86897,2.08224,1.55431,0.881418,0.298429,1.92817,2.62694
0,0,0,0,0,0,0,0,0,0
16.7662,-25.6466,-21.5422,-20.0408,-29.8968,18.0296,20.9949,-17.4488,18.3994,-23.3025
11.0577,-12.4852,2.56888,-14.9396,-26.4311,-24.8876,28.6909,-17.5775,10.5485,3.43939
3.50182,-23.3167,26.9215,0.722055,-23.0237,-6.97158,-28.9377,17.6921,29.0016,-22.9332
-15.3809,29.725,14.8991,28.0086,6.8264,20.9362,22.6049,-19.7831,4.51793,5.97334
-1.55005,-17.9227,-22.4844,27.1327,12.2492,12.947,4.75762,-4.93952,-15.6991,-9.50113
25.7244,8.8154,-17.6419,-28.7367,19.4099,-12.7595,9.01599,12.2113,-24.5385,12.0858
8.43825,-13.5601,-7.13212,23.9239,-22.2326,12.0716,-6.72087,3.43573,-25.5354,14.344
13.0228,-26.1117,-4.19419,29.9209,-29.7462,0.243952,24.141,7.79698,17.5,-19.6344
-19.9509,-9.17197,-17.2322,-7.82535,-3.07785,11.7067,7.28049,4.48092,-8.05787,17.1788
16.3883,15.0394,-18.4254,-2.53507,3.30444,16.4982,-22.4288,11.1593,29.9842,28.8842
1.29999,-17.4129,-29.1509,-15.4153,-6.20795,4.27291,-17.0637,10.3687,2.82575,15.7222
29.4576,-29.9311,-14.3848,2.31122,21.4114,20.0858,26.7711,-7.5211,29.1649,12.8221
-3.95448,-9.57751,19.3225,-1.12058,23.985,18.2483,13.7102,-8.15424,-29.6734,-6.39382
10.3314,15.8178,9.75881,-25.7396,-16.4067,27.5303,-12.507,-6.65379,9.33547,-10.2371
27.7501,18.2678,18.7962,-1.16729,7.18999,-21.1273,27.183,1.33253,13.6542,-8.22087
-17.7549,-28.1902,-21.7231,-22.7705,6.13105,-6.47306,-22.5452,11.9722,-28.0723,23.3941
10.9705,-4.81779,3.3328,3.77721,6.10262,-28.2414,-17.2309,5.81247,3.99367,-25.5158
-13.6081,15.6965,-9.53539,26.5847,11.4414,-14.8298,-12.8842,-27.4461,-1.32765,6.02778
27.9589,-11.4902,-15.3936,-3.37282,-15.9761,-28.8105,1.70565,21.6243,6.37675,-5.37226
28.7505,7.91076,-12.6183,13.5711,-26.3247,7.4172,-22.2316,29.0155,-4.22476,26.914
-21.35,-24.3832,0.476145,-24.0804,26.3965,-21.5406,-14.8587,27.2578,27.7877,-7.11381
-11.7667,26.5198,-6.55921,5.25631,10.7142,-3.62048,-4.67793,23.4343,3.83593,-20.7279
16.8162,-6.61971,18.1936,-23.053,-20.746,23.5864,4.90836,-16.3631,-17.2222,4.61748
-5.85079,12.8962,-16.6233,-18.3629,3.11329,-23.5419,-16.3583,-27.2702,21.4983,-11.7913
24.0132,-23.8659,17.4165,23.2846,-8.43685,-1.042,-23.4648,21.4731,-2.1051,-15.1979
15.3637,11.8109,-3.9643,21.639,-11.829,-22.5684,6.92996,3.31596,-14.4884,-4.49066
15.3508,-10.1942,-2.68521,25.0957,19.0007,11.4712,-25.9808,0.455105,2.42108,15.5717
15.6699,12.7862,-2.16562,4.17675,-27.6303,25.2418,29.1581,9.11077,-28.2894,-7.51033
-15.3651,12.8309,5.26336,-1.47784,26.1958,4.74544,13.2835,14.7172,-2.35335,25.4821
-17.5994,22.4521,25.8861,8.62345,21.4669,4.94169,9.0193,-9.92194,5.29126,6.72395
0,0,0,0,0,0,0,0,0,0
22.7654,35.7231,27.8997,60.6962,46.0199,17.9327,6.5407,67.2461,56.1804,-5.33785
26.9202,-37.5773,53.4178,-3.45744,-30.7425,16.3529,30.243,20.1967,30.0247,31.6342
-35.945,-74.3747,-17.2433,10.1949,55.479,41.0098,-30.948,58.3584,19.5186,19.8694
-30.3837,42.2086,-46.6441,-66.8902,-33.2988,-28.019,34.2643,6.67041,-59.7047,11.9006
-38.0902,-64.7699,-75.8692,-71.272,52.8052,-25.9833,34.4055,-7.95164,-36.5945,-3.3424
46.4632,-32.2183,14.3832,56.3769,-12.783,31.2472,-46.1213,8.93385,60.3403,-0.665263
27.3744,59.9763,34.6103,15.8602,20.0784,8.32005,38.6433,17.3198,-7.91142,-67.5286
-56.5232,-15.6752,-30.3972,-56.2992,57.9547,43.1778,-30.8077,30.8286,-21.7643,-48.7082
-40.0075,39.2775,80.0379,17.1845,53.5577,64.5797,-43.665,-9.629,28.8578,-46.1877
50.6064,-8.66432,-78.6631,-7.73611,-55.4836,-30.2642,-17.194,-7.07401,5.46685,-6.03065
13.3504,16.7048,-37.0384,34.7279,66.4946,-20.2058,55.3001,48.1225,35.2568,1.36154
13.9072,28.016,-62.4032,-20.5868,13.2131,-54.8574,-75.6589,-1.5595,45.3717,21.0968
80.0219,-34.0831,-44.5675,55.3051,-24.7793,-23.3967,25.4914,54.4743,33.4672,-38.3765
85.307,24.9573,-2.10129,67.7921,60.5464,-6.85854,-26.6616,-9.39064,-38.4359,-20.1722
66.2146,39.5114,-55.6202,25.9954,-51.4532,39.6331,17.6254,69.4109,-15.4008,25.6556
76.3623,-53.607,-40.7251,6.31454,-23.6409,8.077,-23.1952,64.6477,-42.3807,5.82486
9.85893,69.1609,36.2927,-11.9033,39.7731,-25.1681,71.7848,25.1218,33.0588,9.66582
-34.905,66.8675,-8.46055,-77.5851,54.0627,-9.26106,-6.7682,45.3495,-56.5945,33.5944
38.5925,-9.00304,54.3217,59.114,54.3627,25.1025,50.8847,1.9086,-40.0778,-34.1743
-30.6547,28.4138,48.5379,-32.6364,42.9772,-15.5735,38.5455,-42.9219,24.6806,-57.6318
35.6961,72.1393,26.0643,16.8886,32.9753,-17.5448,23.9336,48.3784,-31.9478,-38.0035
39.1025,-6.15524,-16.9836,-24.9837,60.18,19.4511,-18.6098,2.94273,7.64241,-30.5011
78.0471,-21.0756,-92.5699,20.2614,-71.7128,26.6702,43.4017,40.3922,-4.26126,-16.9032
-57.1611,26.5589,14.9153,-64.5095,-30.0897,-30.8529,-56.424,22.2241,42.928,74.7833
15.2591,-12.7322,-57.1248,51.364,-16.219,-39.6293,-30.7981,58.6454,-9.78786,50.2723
37.4274,54.1808,10.0977,-88.1988,41.1372,-33.2039,9.91753,39.8676,19.61,20.3203
-42.9123,94.1902,2.83851,55.1599,-31.3739,-51.877,44.9309,-34.4589,-23.4785,39.472
-92.9731,-47.6964,89.1229,-63.7928,-30.9216,28.6031,9.86969,1.52803,-29.8594,-33.3025
-44.2225,-65.0258,-60.0578,7.19754,47.8222,74.9143,-1.70241,-36.7352,-14.9348,-33.2807
-4.18526,-42.0004,33.3051,5.9976,-22.1655,-65.2088,-4.87749,-4.79244,52.6397,-11.5714
0,0,0,0,0,0,0,0,0,0
0.458321,24.6826,38.8992,18.3188,-2.55992,8.85339,26.2776,33.8216,35.3674,44.4005
11.1805,27.8031,82.8082,0.714281,42.6364,64.8407,-8.10827,41.1288,28.6222,19.3992
13.8721,17.2831,35.6324,10.9706,7.71617,11.0856,51.3815,49.3084,31.1118,30.6209
30.5991,48.2465,16.9371,41.5212,30.3967,2.72617,-5.42138,45.0813,20.8512,-0.36546
31.0415,4.98712,13.9538,-8.65091,0.496125,19.0393,53.439,36.3016,80.8379,13.0084
1.03685,83.3862,71.1056,-5.80931,51.1724,91.7682,3.07848,44.3776,34.51,40.8566
84.4863,32.7773,27.6164,-3.54688,3.48752,60.0397,-2.64775,-3.64939,40.9149,29.5265
5.17277,11.088,67.761,4.82759,29.0571,-7.21024,92.1942,24.2394,36.0321,26.3431
36.8269,60.6188,87.7307,2.61117,-4.78959,95.9117,29.166,28.6208,15.2114,63.3895
55.1783,23.0504,15.5381,9.85131,42.5499,12.9603,28.7075,31.2523,39.2543,-4.9079
39.2637,33.7415,30.5732,15.0782,7.02355,87.5283,35.5513,1.38126,-0.34112,11.0276
7.60299,25.3887,31.8887,94.5574,7.28946,19.1227,1.83225,87.774,21.4071,9.95678
25.4652,-3.58441,20.5788,13.0001,10.3759,39.23,0.49915,59.4257,20.2373,21.36
0.0821194,38.6728,51.3575,-3.57203,64.1215,28.725,62.2607,10.205,55.2205,-1.56792
91.6497,63.5898,29.5665,12.6955,5.1753,38.2818,17.2891,59.7051,8.99169,33.2849
19.9352,-7.8994,-9.07857,25.6993,51.7974,4.18032,27.5896,35.3646,63.7768,57.1718
86.8175,2.18167,46.0219,44.1072,19.3156,59.952,12.6583,-7.5151,4.57491,1.08754
6.24218,22.0345,12.2222,28.2451,63.3886,46.9424,16.7898,75.7201,21.1067,6.89353
-6.41695,39.7298,71.6296,22.4729,15.6242,52.266,96.2916,75.9427,19.0099,-5.90728
27.1398,20.319,22.1747,-7.27523,19.9044,63.4592,80.405,3.70519,3.41381,22.9281
36.764,92.1455,12.3585,-1.94606,8.12153,10.4461,71.9667,2.32425,32.5527,7.63953
-3.94924,87.195,55.746,-5.4794,15.311,87.9197,-3.25241,-4.08912,7.78837,27.4355
8.43374,-0.29678,37.1681,46.9813,96.4384,10.7885,17.0275,71.8495,71.5532,-7.12363
16.7707,0.354367,95.8344,6.98344,11.1272,31.699,64.8008,25.0845,67.1575,19.9729
-7.39292,-1.47751,58.8707,47.3294,40.8979,-7.60361,11.4027,13.9606,16.6875,16.6387
60.736,24.4007,28.0259,-7.88852,11.5135,-6.01332,24.1434,46.9659,68.0273,7.43572
46.7321,41.6204,4.4488,-7.99427,13.4094,40.2411,31.9727,21.9582,21.3916,21.0912
27.2448,64.5339,78.1382,20.4458,20.5565,20.4757,14.5403,19.8436,10.8481,-9.30304
26.7359,-6.57888,63.256,-0.355546,3.39973,60.9399,50.7418,57.0224,44.0861,6.91513
62.5257,56.3661,18.6467,35.6437,71.8505,-4.48314,-2.2042,31.2238,2.05866,-8.39373
0,0,0,0,0,0,0,0,0,0
73.6003,31.2024,6.75732,-58.7547,-17.9534,-29.4939,30.4423,26.2132,-8.9456,14.1146
-51.2411,51.7749,7.92783,-47.7861,6.8095,-30.7098,-16.0238,-6.60008,-32.5392,59.1941
12.7841,-1.96281,-92.2603,-9.97071,32.8395,-15.8378,-5.1778,-23.666,27.0373,97.299
-39.0601,67.1582,-82.399,24.8259,-7.58494,12.3091,-23.2763,-2.89385,-24.3315,11.5006
-3.38778,-25.8119,68.9538,-15.9428,34.8389,16.0723,24.757,-9.01065,22.9169,-37.4655
51.8727,-50.7755,33.375,-10.7266,-18.042,-1.17867,-17.1266,84.1595,-37.6452,5.5376
32.8856,-58.4988,2.83908,-54.7729,5.21153,46.0305,19.6087,6.71937,7.4046,-23.3584
18.7773,61.0552,26.3997,-12.5414,-37.6967,-15.4709,12.4976,-12.9946,-51.8122,-39.7097
14.008,23.5645,-44.8338,3.95344,15.3068,-23.1472,-51.5067,7.08159,16.0055,-64.9319
-28.4052,-24.475,7.92179,23.6026,-40.6108,-14.3641,-55.0044,-7.78485,-21.6161,78.7876
-40.6497,31.2552,55.3765,-40.4484,-37.1514,-70.2262,0.809444,-1.47504,-62.3222,-11.4379
3.56685,10.3924,10.3152,-47.9298,-23.2397,63.6243,-2.22427,-9.55621,-75.6079,-76.8108
55.2236,-2.66872,22.7845,-58.2439,-28.6426,35.169,-33.5087,49.5053,-21.9613,20.1965
-33.964,-61.309,-20.8614,-25.2179,16.7675,-11.8436,17.1268,8.51188,0.339296,-13.2962
-0.265844,57.9616,-24.3516,-38.7027,-13.2589,66.8471,35.0162,-22.036,74.5832,-41.9371
-9.48777,-50.8546,31.1782,-46.4346,-47.5122,-82.4976,27.4586,60.5181,13.0643,83.5534
-50.4462,-64.7938,37.772,-7.53323,-27.3361,21.4234,-74.6792,-19.4085,-5.84441,88.8637
-5.55478,-32.8664,-2.61467,-0.475896,-50.2684,43.8969,60.4804,-62.705,-23.4826,-73.8649
-5.47312,-60.1582,-53.8799,-22.1169,-39.9797,-56.6853,-56.9029,-38.2983,-14.2965,-2.46937
-16.4668,56.697,12.2969,74.5066,-24.9744,25.0289,34.8284,30.7768,-15.9322,56.9876
-26.7716,-39.6488,-32.6745,18.9298,-69.1029,23.2607,-26.5631,34.4788,21.9639,89.1646
67.9935,-46.9204,3.25119,-31.0912,81.1952,-1.88861,7.65535,-37.7998,18.731,-0.608231
33.6197,-16.4443,-29.8462,33.8676,11.238,24.0859,-32.6749,25.2754,85.6782,-87.2035
32.6106,19.8113,-2.40778,-81.1511,34.2256,55.8004,-3.52253,39.7695,-3.32213,70.5545
-9.42884,-48.0941,77.0023,19.4958,81.06,11.4638,-12.2257,-5.01406,-11.2636,1.23427
-21.2811,18.0094,57.8559,71.9893,9.99509,63.9765,-30.4194,28.955,8.74735,7.25078
39.089,47.2582,18.9243,-5.5854,62.2959,-1.04385,-69.1854,36.3528,14.5827,-77.1595
7.32137,-1.52238,-57.204,-14.9762,39.4403,-25.6825,57.5445,3.00571,6.84123,51.8979
-2.63031,-15.6491,48.9485,-17.6567,-43.9247,-14.9639,60.7432,-46.0305,40.6924,89.8551
11.7106,-27.0453,-52.4748,63.3028,-3.379,-30.0455,-5.09217,50.3256,15.1818,29.531
0,0,0,0,0,0,0,0,0,0
-49.1586,-4.04755,12.9432,18.2579,20.3218,-12.8574,6.82047,47.6728,-18.8603,-57.1045
2.71159,48.7973,6.15029,-53.0381,28.2354,-17.6432,-59.5302,-39.7497,-15.7757,88.3159
6.51279,-94.1507,53.4712,22.7094,-28.2691,51.2057,78.5174,94.049,25.0935,33.9331
31.9929,-11.2866,74.5127,-3.12595,-2.39081,-14.5226,24.1926,66.3289,-75.3365,32.4576
29.3527,-1.97883,-7.75372,63.9286,-26.4071,-22.1758,50.0647,26.7894,-75.5529,80.8182
-90.9824,11.0332,36.6308,6.39965,-34.8013,-75.747,-24.9838,18.9329,20.4649,60.7781
18.4342,6.91763,0.988727,-33.9049,0.231672,34.4516,8.25981,42.8291,-78.5282,9.9584
-57.3985,-78.3969,-78.3264,-14.7397,-2.65943,22.4164,28.9518,66.721,-17.0637,47.2302
-5.63041,50.2336,15.2546,86.1139,-94.8812,-1.6419,16.036,48.1504,-81.6354,48.1375
-4.82452,-54.9193,-72.2577,-87.9889,32.039,-25.9538,2.61661,0.939879,30.6548,-14.4889
14.3409,24.2618,90.8928,47.3182,26.1386,4.40454,94.2075,-28.7215,56.1099,7.26775
-22.5929,21.4853,88.0116,13.9822,18.2627,29.2083,-35.1424,-33.4735,7.02585,16.4646
-17.92,-19.1968,7.24113,-65.5273,29.2854,2.59515,14.0317,-52.0722,-12.2479,73.7529
-78.2671,-16.3783,-59.3403,21.6853,-13.9159,2.0141,-52.8758,-19.4575,78.7475,-37.1954
-37.5966,-37.5862,-1.73897,20.9178,-82.5219,9.86252,3.38393,-56.9474,7.46247,-69.8411
-46.2285,17.3803,-4.51128,69.1814,62.5471,-8.18333,-75.1191,-28.2925,51.6695,-51.2641
37.3747,-15.5047,31.5993,46.2977,-93.9452,-9.9735,-8.69116,0.493019,-48.0315,3.18409
8.8144,-10.455,3.68742,16.1553,26.5017,-78.5983,-34.1242,-15.6549,-80.8287,-1.02073
-59.7048,33.5852,-91.3082,43.2741,-31.0998,17.2778,-5.54215,31.3911,20.6683,-68.344
-75.5366,-41.9607,-19.7907,17.1537,-17.4229,31.9943,-34.2943,47.2183,-9.53293,60.549
-44.4763,39.0001,85.0444,-58.9442,-17.9057,48.3758,2.97519,-2.06293,66.0584,60.4837
-82.2926,-4.136,-94.548,-41.6329,47.1307,68.9765,47.1989,-5.17333,-62.7525,73.4549
62.4086,-43.9665,-7.86443,-89.8182,-0.439209,5.92676,29.2099,-19.6107,4.53292,-45.8013
-52.9224,-75.7754,-0.584769,-0.841914,6.00662,-19.0373,-90.7001,57.2358,21.6195,-41.0665
9.15748,66.0652,46.8343,8.16542,25.9698,11.3547,-72.0968,18.796,0.889817,84.696
68.7983,91.6533,28.3434,46.9881,-11.4631,-75.9647,25.3903,-2.24002,21.4075,71.6058
-94.7033,55.9504,-50.1584,9.18726,-45.349,-62.7604,-97.3063,-78.3778,-35.4386,72.1568
24.1524,-14.2479,-26.0786,-18.8329,39.9083,-30.8981,0.134399,-2.66075,-78.2899,-67.0717
12.8005,-0.840839,48.6057,43.5913,92.6413,-69.1453,87.9171,72.3354,72.339,9.19244
23.9556,47.3702,-18.3735,53.1699,-6.52989,11.3907,-27.0984,-30.8917,0.360211,-7.96274
0,0,0,0,0,0,0,0,0,0
