376.989,332.815,-251.504,-225.663,-420.005,-388.211,-240.532,285.544,-460.164,-417.635,-477.522,58.5165,141.944,-424.139,231.988,-171.251,463.19,193.38,-53.4611,-162.811
-198.28,463.749,269.545,-379.106,-38.9196,-394.69,51.9244,42.7259,16.3977,218.982,-432.78,266.122,307.618,46.8323,-80.7245,-454.834,-372.574,340.312,147.508,268.7
507.761,-240.071,140.871,252.734,-14.3116,-200.695,-432.022,-32.1427,173.99,219.991,-90.8369,-328.585,-34.826,-201.011,311.568,67.6157,-424.559,-163.808,-193.471,-201.769
210.355,227.278,297.059,-472.362,216.165,511.212,-140.779,-298.96,-142.706,330.698,-439.852,-367.655,271.546,-197.164,-461.57,-254.25,-403.634,172.913,128.865,297.612
109.248,-377.13,391.67,52.5723,-52.6268,-385.082,283.778,124.472,378.407,-378.095,260.644,145.814,-132.849,272.931,-104.331,-350.813,-389.417,289.645,101.04,-380.842
430.462,327.603,-399.008,-410.763,506.61,-113.604,93.5008,315.963,502.731,202.133,125.863,24.8625,-463.691,-443.65,-286.549,21.1731,-45.8802,114.197,-388.505,342.978
163.147,500.205,-365.752,495.178,300.339,-197.034,-307.516,91.2241,-192.238,129.731,-326.917,150.269,20.6601,-29.1666,-160.428,-50.7673,-436.579,-451.451,121.033,78.0097
-372.728,-222.461,-61.5803,35.4013,-311.597,-219.956,108.847,-380.692,418.853,53.8639,-348.134,-217.423,-384.245,-445.529,-406.621,-213.046,-441.792,266.318,-434.677,243.568
-419.796,-418.663,-118.701,312.564,-42.0664,202.373,271.877,282.099,303.173,503.835,-334.141,-46.9792,110.458,227.081,-372.673,241.127,26.9417,-362.66,152.69,-341.557
-56.6061,-446.26,19.503,-236.519,-411.72,-386.761,-39.7685,-440.365,-256.671,341.172,-421.492,315.466,-273.529,247.578,-405.83,84.3981,-465.464,-209.506,-55.6734,-108.979
-430.633,-168.992,-201.807,274.38,74.066,77.9275,459.965,-224.519,308.27,-274.289,-399.042,-236.591,-169.533,66.0002,35.8465,-81.7915,-10.9888,313.985,-167.194,433.625
-439.663,-203.194,66.4268,-474.738,-348.183,331.144,30.6616,318.621,255.684,-168.767,-192.926,307.908,399.063,503.222,208.412,276.224,101.278,-431.219,115.949,-437.708
150.524,484.787,449.301,-397.116,246.964,-491.731,-242.424,22.774,328.509,-33.5685,-178.588,363.589,-435.267,-404.725,-474.674,-76.7189,168.191,-209.498,-7.61558,142.648
98.855,376.861,-373.347,-368.015,-391.532,53.1393,-300.018,-375.335,289.664,29.2838,-395.025,149.414,82.5635,179.183,310.98,127.822,42.503,431.128,308.295,60.7914
118.878,28.012,389.856,-215.572,118.005,331.531,-133.026,-176.987,324.682,-456.962,361.221,-452.943,170.972,-452.498,232.57,-391.718,499.675,319.61,-451.975,57.5315
-346.6,83.3417,313.55,-398.921,-399.817,298.102,-74.3261,-427.404,237.074,-444.615,209.835,320.082,107.116,126.968,-81.0691,-30.5033,36.2412,402.27,-116.697,-450.271
-64.9179,496.788,332.395,80.531,294.277,-450.212,-471.2,-422.265,267.137,284.735,265.36,-388.712,135.642,87.5516,-409.563,-119.683,474.732,225,107.161,468.824
337.816,-139.024,-417.413,511.455,317.723,497.971,-494.675,217.585,-389.035,-207.738,498.276,-196.564,-441.108,-115.057,91.2628,87.2834,72.8858,-365.899,-493.236,171.224
187.199,273.594,-189.144,35.0574,294.757,-442.424,-425.464,-405.901,-499.227,184.961,29.3856,135.253,-195.328,-251.439,179.736,-247.623,95.8415,510.823,-15.7348,45.8882
-200.265,240.42,356.358,269.325,459.691,345.592,-16.1283,487.447,-209.243,-226.762,-25.6686,-332.401,297.43,113.352,337.653,-382.796,-432.285,-490.542,265.004,496.112
105.659,319.405,133.063,350.049,-436.617,215.729,-340.382,322.544,-366.412,-462.246,507.585,-51.1893,-92.384,-476.423,66.1717,256.998,-421.125,-7.33455,52.8225,440.609
-390.404,-416.355,-434.956,-363.359,-229.747,-75.5068,504.79,-334.975,31.6378,355.993,153.751,160.602,328.391,-80.9715,-213.31,-1.60846,327.563,459.213,-313.026,-425.548
-72.5923,-120.414,138.729,-195.857,-83.3068,503.701,-438.037,477.341,-244.907,-456.598,-126.899,312.522,-365.815,486.258,-314.934,-254.172,325.47,-416.67,-343.929,-339.591
-405.494,229.406,326.771,-427.92,-459.183,-187.476,-238.652,-161.518,100.213,-95.701,242.144,-382.439,91.4263,-384.988,-420.867,-41.3305,-71.6598,-424.773,-141.802,-312.349
-213.788,-209.017,-239.374,-264.423,350.405,392.888,-388.177,45.6467,-323.148,-382.787,91.8449,-452.161,237.737,-200.264,242.847,-419.38,-236.516,-58.196,489.706,-188.707
-21.2758,-216.858,-252.083,-193.381,64.5642,-94.5457,-404.776,24.5067,488.876,127.665,25.3887,60.1763,331.441,-439.935,-19.4191,-356.977,-217.803,-120.321,-434.29,48.6349
99.927,-375.577,-158.399,495.662,302.269,430.042,-480.009,-159.779,92.0799,-79.3994,-446.295,106.807,14.8561,-476.891,-398.461,-429.481,-95.9222,347.234,83.4008,-348.575
-145.236,324.224,-276.222,104.299,-346.761,54.2129,-53.3627,288.285,121.793,252.95,274.128,-216.521,96.5513,117.85,-178.082,298.764,-411.632,-446.348,-122.394,25.0627
232.835,415.434,314.234,341.314,339.753,-390.432,-386.395,16.8315,-180.529,370.625,70.4939,-453.629,-385.475,-53.8272,278.656,338.207,-400.017,305.63,393.723,-473.023
-210.42,-321.408,5.26971,193.552,125.211,-426.586,287.447,129.404,-239.206,-178.706,-434.302,35.7006,-428.103,-122.263,509.948,-399.912,263.427,320.353,94.1527,-49.7669
0,0,0,0,0,0,0,0,0,0,0,0,0,0,0,0,0,0,0,0
6.53873,12.145,-46.0679,-14.2255,-0.241397,5.19536,41.3083,81.8169,87.8595,82.1269,6.60593,26.9331,-80.8004,-1.76107,27.3953,68.1255,-50.4915,-40.6285,-37.2946,-33.876
11.7989,84.9169,-32.7908,27.5422,17.7944,15.0172,-47.3734,21.4852,46.7747,18.428,33.1622,73.9536,-70.4537,-13.4639,-46.0286,-67.8202,-55.1072,55.45,-1.96326,34.8548
41.1002,52.6549,-32.283,12.8299,81.0908,-36.9346,85.4765,-23.386,28.2306,-42.0797,30.8812,-63.8697,11.7067,15.4117,24.8057,-79.0954,2.34958,-45.4635,38.9724,65.1506
-46.4422,21.0023,22.1265,-30.3458,13.989,43.6249,55.7404,42.3913,-91.1679,-10.889,-16.0865,-12.6695,67.4512,39.9388,-7.26246,11.2638,15.14,38.6497,91.8691,82.3625
-5.56846,-49.542,35.2917,-79.4186,-60.3687,-19.299,9.60558,54.9859,-17.0874,-62.825,-24.1134,1.64153,-14.4626,39.9455,32.7737,64.6847,12.2166,-34.2133,19.9174,21.3386
-18.795,-0.79338,26.1995,40.7261,-18.8344,-76.1159,-61.3545,-17.8789,56.6834,-24.0009,15.9441,-25.851,43.5853,69.7629,-84.4572,-42.872,-8.04638,-62.9828,-45.6431,-18.1201
3.66569,54.2821,13.6045,-62.5501,13.3139,15.1404,56.1226,-32.1622,-43.7985,68.414,22.2463,-16.3775,-41.9487,-93.8577,41.0122,83.6479,-9.77581,-52.016,-2.90542,-12.0675
-5.10606,77.4888,88.8775,-74.0763,-26.248,-4.70302,0.922823,12.1158,35.1428,18.4565,10.3087,42.577,80.8809,40.4778,9.98084,39.2592,-49.2406,28.0938,30.6527,25.7614
11.9568,79.0667,-27.5283,86.7859,19.2988,-13.9303,65.8594,24.0287,39.4027,-41.5939,-56.9523,44.3413,-55.253,-54.1557,-18.572,84.4699,-21.9097,9.18625,42.6889,20.0495
50.1091,43.0036,60.8444,-83.076,-68.3082,-47.99,-21.5862,-48.0759,-7.46918,-24.8677,46.2615,-34.5138,21.9236,-76.6974,-56.4898,-34.3375,28.7692,-70.219,-32.2864,-46.1687
-22.7715,33.1089,85.8947,29.0917,76.1266,40.178,27.4233,33.0669,-59.7072,30.1182,41.2114,-61.0582,2.4655,21.3959,40.517,47.8826,72.573,38.0392,-41.4666,-0.50795
-42.0726,85.3314,-15.7137,7.72779,-47.6558,-25.5126,-69.9105,-79.1565,41.8625,47.7412,12.6125,90.9155,11.4665,17.7175,-17.5631,-0.853064,27.9827,0.222345,18.7765,-62.1781
19.8358,-84.239,-12.6608,-39.9826,42.6943,14.5453,-65.1987,11.8048,39.6225,-13.1051,-12.6129,52.9315,-15.2231,-31.2882,49.3279,5.4867,46.6778,65.9357,42.6383,19.6286
-31.9055,-47.7593,64.3562,-78.6152,-63.5768,53.77,-5.42824,-74.0791,-16.5761,-40.5822,44.8001,42.5943,22.9029,-38.0898,-10.4794,-17.8862,-8.69496,-38.7581,2.3775,36.0296
-52.3828,-18.416,-20.9409,-5.14918,14.6628,71.6519,-45.2614,-42.163,9.37649,-2.75826,59.0641,24.411,-3.70983,55.1777,-44.7481,-40.731,38.5352,73.8393,85.9801,35.7216
73.1215,-25.5989,8.81838,-59.9954,51.2011,78.0621,30.9209,62.2158,16.1709,-55.4077,-71.6542,-39.7123,-59.9656,6.61229,28.8962,39.7381,34.4863,-44.5536,-6.20514,-66.0173
-53.1333,10.9995,-40.1731,-8.79262,41.0986,47.1519,6.16335,35.6261,91.3405,22.1445,94.2213,-11.8872,-8.82329,-48.4571,71.0337,-56.5691,37.0052,-45.7623,39.0755,20.7226
-3.62615,30.8647,2.12695,18.565,-49.6526,-37.1722,-38.9239,-6.10061,28.6105,99.6925,-77.6936,-10.0964,26.6583,9.66086,-19.0148,-43.0321,75.6279,64.9202,43.5202,-26.8532
-58.8392,-67.8431,27.317,54.3993,2.67219,16.6033,17.7246,28.2608,-70.3535,-47.5364,4.01244,18.0908,-7.31402,1.95997,-29.2605,37.4696,-12.0933,-27.4021,-3.35569,39.8884
41.3067,45.079,34.2586,68.9391,57.2824,47.0777,67.2622,15.2531,97.8305,5.87349,25.4206,46.7076,-15.7397,7.75849,-8.4017,-32.9364,1.70997,-58.7401,-60.135,-3.16255
11.1518,37.6429,47.0942,4.78864,-14.827,9.67011,-64.0903,-2.20272,42.3003,54.3015,50.659,-37.7672,-58.209,67.5342,-48.866,-50.3854,49.2625,8.59483,8.17458,-22.4215
70.2603,34.9837,41.2545,14.5803,70.0834,25.0795,76.7162,66.0636,77.6127,40.2244,-31.0903,32.9798,-38.9119,-56.4783,22.9967,-33.5752,45.2355,9.51473,-85.171,19.4789
13.3568,17.2627,-53.685,-7.45896,-33.2545,23.5184,-5.45127,21.7152,-33.7823,36.2685,-69.7824,44.2176,-97.0181,-59.6879,-95.8354,30.7749,-25.641,74.4461,20.4106,27.5152
-67.2609,45.0223,48.4674,-4.51884,28.111,-41.4633,-10.2451,-6.70273,3.80278,-32.4672,-81.2261,16.8034,-25.4168,-32.13,-48.721,49.9934,33.1003,42.1442,-63.7999,-42.9
37.9176,29.8472,78.3503,-18.9295,34.2963,-33.5653,42.557,-51.3767,-31.9263,12.0778,2.61943,13.2119,31.083,-34.4804,81.1857,-58.4567,15.0567,-1.33293,70.8166,-47.4205
-19.9248,-2.2491,73.4096,-53.5767,-18.9438,-8.28641,-3.85088,-17.0161,50.8413,8.68583,59.8158,-89.7543,-10.2698,-51.8726,5.52727,98.3127,64.8825,43.5064,61.625,-27.9313
-15.6829,86.3514,78.4172,-60.4618,16.1018,-20.1564,-1.97837,-29.0818,71.448,48.8788,70.862,-14.7477,-14.873,-9.65344,65.2816,0.848722,0.438931,35.8153,-4.47892,74.1484
-23.7273,-21.6914,-92.1271,28.662,21.2068,6.3934,-16.5654,65.1955,22.5253,34.3696,26.1802,41.6219,-46.6017,23.0915,-91.2939,-17.9454,-16.9695,45.9874,51.2262,6.92179
51.1538,38.5997,-3.78385,-20.203,6.66536,-57.1537,-37.5683,-80.3442,37.7601,-41.4265,-65.1845,-4.94674,-14.7873,29.3957,11.9585,-35.9959,-63.5486,-14.4246,-11.3008,90.7801
-35.4539,9.82792,-31.4277,-19.3267,-53.8852,-45.3945,-64.0445,92.9592,8.99914,27.0922,-16.7547,-10.1101,36.9446,2.69473,28.8936,7.2512,-91.7345,-53.678,19.6151,39.9249
0,0,0,0,0,0,0,0,0,0,0,0,0,0,0,0,0,0,0,0
3.393,-10.36,2.47992,-73.3189,17.9685,-40.388,74.4038,-64.471,-3.379,0.24573,-71.5769,1.46822,-26.3773,-24.4954,-19.8626,76.228,52.7172,11.7452,-39.4194,-28.3603
38.7172,30.8865,-65.3896,-52.7452,-28.8575,8.41875,91.0205,46.373,66.7183,13.3289,-32.2624,31.8986,5.27983,-77.2844,5.07569,53.8505,-24.7574,75.369,-71.2186,19.3764
15.9663,26.0825,68.1465,64.4984,-45.9805,17.3188,33.1953,-35.8865,5.32937,9.92673,-45.4658,-28.7696,15.4033,-57.8768,38.6607,-53.9785,-84.2782,72.1964,-27.6305,-80.4714
-18.8446,-21.3291,-19.2249,-33.3543,-68.8593,46.9565,-39.7932,-2.0945,16.3115,20.481,-65.4382,49.1136,0.829968,-4.81684,77.0631,36.1225,11.1762,59.522,34.5223,-81.7155
-13.397,20.0631,68.1023,32.5587,-38.3561,34.4906,28.1,26.6468,8.14595,69.7619,-42.9253,-16.9931,67.608,-31.8585,-16.6046,52.5781,81.8042,-90.8567,-72.5846,13.6785
-73.1698,-39.1903,-9.99877,1.85143,-57.2084,-28.8682,20.7653,58.1897,23.432,3.59514,-33.2119,45.8262,-3.09446,-32.4955,-52.6666,10.6968,71.2158,24.1083,-39.0646,84.9885
-79.9113,64.2338,22.1605,2.13081,19.4646,2.34663,52.7597,42.4293,-76.8945,-55.6164,-2.36461,-31.2692,46.2313,-2.79713,-32.7539,-1.39849,70.6705,-9.69859,13.8102,86.7971
-85.6576,-38.1798,54.8719,-77.6692,-42.6797,-27.0874,-19.925,-70.2214,38.1235,-30.4263,37.2847,6.29608,-25.5403,-13.2158,-58.9154,-12.1429,-17.9776,-17.3136,-5.19927,-31.5688
-25.8268,-38.4327,46.6576,-36.7724,4.06178,-59.2151,79.2087,53.0005,72.6983,-45.091,48.7272,3.57578,6.9348,-21.0933,63.5976,-56.2112,-43.7841,-50.2218,52.7549,32.4684
-71.962,18.0125,27.8256,0.224871,76.605,42.883,-43.4768,54.5864,18.7811,57.4725,-81.0139,-45.9361,-50.823,29.8183,-36.6918,-54.6546,-33.8488,-74.2737,-9.95916,43.7643
-49.4301,-16.1973,80.6737,41.5072,82.173,-31.8882,-40.5757,-91.4607,-17.7854,-7.79246,-45.6738,-22.4903,29.1188,-57.9752,46.6776,66.8758,53.5347,-8.01746,-19.8148,-88.4496
52.4443,37.0796,-19.6395,-57.6883,-61.3599,-46.3548,18.9832,-41.1743,-33.7832,-61.4102,-0.826567,51.2207,-83.0714,-79.3424,-12.7901,-18.3889,-21.5858,-62.0153,79.6496,44.4892
-28.8469,-43.1837,69.777,-37.9931,76.917,-50.8428,0.513543,-78.5485,-10.2056,45.8274,-55.7814,42.788,-47.033,-23.8783,28.775,27.5585,26.0339,-21.2266,-62.9913,-85.9292
69.2818,52.5549,14.4071,-19.3967,29.8144,67.8433,6.67857,39.4274,-45.0793,19.7226,-25.5673,-21.7464,-7.62742,61.8698,21.7961,-62.5534,-94.0476,51.9628,-33.289,0.954717
-65.6283,45.9616,30.3828,62.0759,-22.4653,-91.7949,52.3623,39.9255,-12.3028,53.8206,-1.59525,28.78,21.4064,33.5481,-18.2821,-21.6511,20.1488,-52.7739,-35.9044,9.32974
21.8565,-9.08706,-54.3151,-12.6895,40.0274,-18.5233,-41.8613,-66.2888,58.6082,-84.9206,29.3185,-69.106,-61.0385,0.267291,-5.79667,-57.0626,47.4778,-29.475,64.201,-78.936
-65.463,-6.35279,18.614,-23.45,8.87611,6.47396,14.4969,33.4625,-2.21459,47.8223,-4.76537,-21.6292,47.6593,51.5603,-48.5882,-9.137,20.8489,9.07944,-36.9152,-57.913
-3.33068,56.9795,25.7862,-78.3697,-54.6095,-39.6108,-56.7336,66.8166,-5.30873,-0.582392,-76.1594,38.319,-57.1995,-28.6092,59.1979,-78.8971,12.4214,-49.1705,-39.136,-26.4127
32.9598,-3.61959,-55.8536,-37.4238,-69.1189,-50.7133,-39.7159,55.9852,-49.1865,16.0751,-58.4838,-36.2759,-2.6772,-23.9575,-84.0017,-79.0365,-65.3938,13.2909,7.96667,45.2039
-12.3092,-81.0854,75.4314,-53.3619,-70.258,-5.30933,61.824,-30.2492,-27.1691,-46.904,48.037,43.6882,-82.432,-39.0788,-21.5885,-51.7148,72.5904,-30.5931,-7.28563,8.23829
-82.0238,-23.4561,38.6337,-33.7917,-17.6541,24.3176,-0.566198,-32.0812,-31.4787,-77.7623,-10.7191,77.1758,-28.3893,17.6066,-36.5132,54.9215,-61.8033,76.8458,-8.97707,23.9546
43.7135,-67.7193,-69.5107,44.7986,69.2182,59.9639,15.8976,-15.2341,-29.2829,-76.748,-19.8435,44.6642,43.287,11.0251,29.8053,-53.6802,3.30921,-18.5259,33.4402,11.777
-60.7766,-47.9115,-16.5581,72.0519,70.0129,-58.0865,55.6967,-37.094,4.96911,-0.762616,3.59295,60.9932,-53.9774,0.982654,19.3516,11.4021,30.0527,43.3664,7.40539,84.1784
51.4811,-68.5483,-84.5025,-14.0909,6.46112,18.2848,-1.98367,-6.55765,-26.183,82.2333,39.1916,-39.2226,-4.78734,20.0896,11.1469,20.783,-33.7033,-49.3338,-44.7015,-44.6056
-73.2153,-17.7716,28.8753,10.6158,-45.8501,-13.3591,51.4949,-25.2486,-39.5784,-1.56272,32.7972,-91.6344,-2.27007,-6.64724,-42.1382,2.44994,-0.503168,-45.0802,43.8157,45.3628
-49.4252,-1.6364,44.5429,38.7824,-50.6183,-21.4835,68.64,33.9697,53.4516,2.38308,45.1918,-25.3585,-13.8626,-59.1614,70.2791,71.7013,-22.9309,63.8776,60.7394,23.3084
78.6543,-82.7266,84.7915,-53.5551,24.0087,-26.3681,11.5877,49.9787,-11.3377,29.9907,2.56282,-5.18695,-71.5284,41.342,-37.646,12.3411,13.849,-39.6897,-53.8762,10.8406
-81.9616,-63.9555,57.2109,26.4362,27.2697,6.49402,-50.83,-68.2866,-79.8391,61.4307,35.7904,15.1673,66.4581,-52.9865,-55.7626,-42.353,-53.6004,60.8377,37.9028,-59.6744
13.6287,-46.152,21.6593,-56.4721,-61.7391,72.1593,31.0835,-28.2459,59.2248,9.0499,2.48132,-18.9119,-10.3905,-6.95776,-38.2919,-76.9519,74.5373,-60.1675,57.5885,40.8813
25.0068,68.4668,16.6323,-43.8249,8.6124,-16.1724,18.5416,42.5569,1.43203,15.3875,-37.1802,-55.0998,-62.5329,55.599,61.572,-42.631,0.907161,-30.0476,7.86335,44.918
0,0,0,0,0,0,0,0,0,0,0,0,0,0,0,0,0,0,0,0
-5.85441,25.91,-5.36872,-4.21997,9.64512,6.44995,-5.04704,9.23576,-7.93899,14.5924,9.14821,19.7602,21.8623,-3.89666,-15.3352,-8.74058,9.08727,-5.40749,21.9277,18.4227
-5.65571,-1.13761,-19.8762,-21.3657,6.85229,4.29736,-26.8693,2.966,18.2908,2.68097,9.42116,12.1684,0.272059,7.88661,2.41647,-1.61992,9.99651,4.09819,-18.0514,-29.0938
17.3252,14.7157,13.3472,-7.02426,-5.27888,12.3767,13.4396,29.095,20.244,19.8026,-15.7381,-1.36747,-11.7874,3.45915,4.01349,-11.1358,16.0859,14.232,-2.20159,4.43759
7.73437,-17.8083,15.4483,11.5398,-5.28407,-8.81706,-0.936778,-11.1896,13.0895,-16.5075,22.2355,14.194,-0.331788,-0.157481,-15.3659,-27.3012,-18.7074,-9.51065,1.8098,6.65012
2.28477,12.2735,24.7188,-6.50956,3.78362,-12.9077,-24.6377,-5.83315,20.0624,-6.5688,7.86388,24.745,-14.0771,0.592271,-6.24178,2.2152,-14.922,15.9018,-4.81724,21.0608
-2.28022,-15.9558,1.80107,-5.31229,-25.0776,-2.8567,-2.12444,4.24635,10.0224,17.6175,-27.869,5.39317,1.90105,-29.0189,-12.4926,6.62881,-3.74417,13.1781,-15.5916,22.397
-3.99239,6.94373,14.0117,3.22294,-23.6485,-3.45519,-26.7078,6.7979,9.10731,12.4184,-24.4976,11.8719,22.6253,-3.75983,-11.4202,22.2269,4.32219,11.4476,4.70908,-18.3891
-12.4614,-3.13862,-16.3128,-22.9865,19.628,15.215,-19.4332,-26.1701,-12.9637,-0.771788,6.3632,-4.95282,-14.806,21.4697,-0.93431,-13.7645,9.64912,1.34989,14.7121,-1.90422
-12.0955,16.0308,-3.91921,-5.438,19.1263,3.9589,-20.0515,-11.8813,-22.2267,-9.24848,7.63285,-2.30628,-2.44603,25.6572,-3.95338,3.6422,4.27055,15.5671,0.696209,-7.2331
7.82795,-14.6081,-10.5726,19.1155,14.8648,11.8364,25.0185,0.33671,12.9362,-0.185853,14.3198,-8.50969,10.8087,-23.7413,23.7674,-3.47207,24.8699,2.8425,6.00761,-21.9953
-20.1896,-11.4535,15.124,4.51423,-13.0854,11.8814,26.1369,1.97871,-16.2281,29.6803,4.18046,1.58582,15.6481,-5.0526,-2.55516,-12.9277,4.99256,6.11563,8.20522,15.0136
-16.5899,-21.3912,21.6865,-4.15476,-22.7284,-9.75465,-12.4247,-9.86548,-1.61232,-6.4055,-26.9471,-6.30759,4.79232,1.89172,-5.9578,5.59281,-10.148,-11.8757,6.30453,-0.385552
2.60087,-0.744721,9.5687,-8.31666,6.3787,-5.26965,2.05282,17.5133,-19.722,-10.089,24.4823,8.03628,-10.4846,-9.97378,4.12047,-13.1438,-3.02572,9.19987,3.74118,-9.28644
26.2128,0.26835,5.4779,10.5953,-18.2322,-0.60695,-0.0159683,-15.8656,27.182,10.7432,-15.7657,-3.12421,5.07992,29.5118,9.73219,-20.3443,-6.76027,3.39245,-0.433478,-12.7882
27.9853,-7.99627,-7.33051,7.40194,-8.79358,-1.84634,10.3448,-13.7447,29.4971,-10.0719,4.06227,-3.02697,27.1393,-1.41897,1.04169,7.3824,1.9672,0.618718,13.1055,-7.53136
-16.5637,27.9579,-3.09603,15.6749,11.1667,-5.80336,-13.6497,18.9285,-8.51952,-16.2847,12.2165,-2.67647,7.77492,15.9489,-6.71163,11.7838,-27.066,-4.0192,26.6041,-6.45305
-5.42097,5.59707,-18.8663,12.2109,-16.8568,17.0017,-20.3254,-3.07184,17.2266,6.55757,10.7168,11.7724,9.68469,2.15543,14.8603,7.19124,-25.5362,-17.171,4.44576,9.02289
-22.8759,15.3233,-5.95275,12.3189,5.1911,20.3126,-9.88059,-24.1895,3.20048,2.03773,2.71316,-18.0762,-4.98172,-27.7601,-11.9813,4.64401,13.1089,-13.4187,-9.1414,14.2059
5.85603,-16.4107,14.1957,9.1336,-5.98241,12.7224,-15.041,2.53345,-26.7236,8.68025,-1.27812,-12.3189,13.337,-20.3324,12.3852,6.92268,-6.32074,-5.47363,10.2374,-21.5278
22.5183,25.054,2.68246,13.3862,-2.00424,-28.1058,-13.9804,6.10913,-8.84987,13.0064,-20.8017,1.4432,-13.1565,-4.77145,10.1961,7.17704,5.44331,-1.61204,18.5571,-12.8959
0.132395,0.753638,13.6361,2.88779,12.3769,-7.39555,12.1894,-11.886,13.6781,13.845,9.18734,-20.2811,10.9051,-8.16348,-1.90446,-7.67487,-2.02117,9.86193,-22.0409,22.5099
7.79986,-0.0824283,11.7215,22.9819,-2.71891,23.859,-12.4009,9.83306,-0.0591138,8.31135,-13.5003,-14.2546,-0.795923,-3.8431,-7.67607,-13.5187,15.9759,0.246264,-0.495717,-11.4038
3.50493,-7.25033,-20.8837,-9.61207,0.0760622,-13.1265,-12.0308,-14.4145,4.86389,-18.6059,-1.64581,-19.9568,-24.8304,18.6497,4.91362,-2.6675,18.7582,10.9843,15.0966,8.95207
-17.2385,-20.26,-2.62925,14.8777,-13.4574,16.3416,7.21901,-3.2897,-17.2468,-9.89933,-9.55342,-19.8081,15.0596,-0.440293,8.33159,-3.985,-2.34045,0.860734,19.8138,-8.3459
2.58907,-9.81011,-15.021,-11.7979,9.89593,6.0376,17.1322,8.57086,4.72672,11.3849,11.5388,2.4068,-23.4933,15.1321,-6.33215,-23.5969,8.91107,27.4702,7.63564,-2.02145
-28.8852,9.5551,13.7001,3.07881,-8.92893,-13.8122,-19.3464,-4.05696,2.29902,-1.73927,-15.6412,-1.69324,-1.33641,9.06574,-13.6166,-0.465908,-2.23225,6.7329,-17.4578,-20.2322
4.35759,4.27567,-19.226,3.90544,-0.910305,2.9482,22.4516,-9.15647,17.869,-0.17288,-7.15268,7.0808,27.1246,14.0235,-2.2376,21.3898,-3.42318,-0.28291,1.71498,-19.0295
-8.94026,12.1842,-24.4758,5.01543,-1.28445,-23.8611,-23.0338,11.9021,11.8475,-7.31502,29.0417,6.76749,-13.0338,17.3646,7.59012,8.76256,-12.1218,6.91857,22.6563,17.5891
1.25869,11.469,-4.4062,20.8497,-23.1713,-2.41307,7.736,7.57987,9.53051,19.7796,13.8418,-22.3898,-13.6494,22.1762,8.10658,-3.60331,19.4878,6.60407,0.290904,8.68641
5.84861,19.2512,-12.9149,6.5413,13.9467,23.6961,-25.0503,-14.0125,3.58301,5.07976,3.35838,5.5331,-5.8027,-13.6628,-13.4879,-15.0275,-12.681,-2.71468,-8.60157,9.2269
0,0,0,0,0,0,0,0,0,0,0,0,0,0,0,0,0,0,0,0
-218.633,-260.376,98.4162,246.991,56.8702,-214.752,-263.737,139.732,-66.0697,321.093,-67.5521,-486.027,-314.178,-287.568,-15.8043,-359.156,415.553,234.51,414.174,-276.324
-215.536,275.148,129.063,330.109,-378.387,40.4646,-424.779,115.716,-342.773,102.586,260.677,354.113,352.137,-93.7159,16.2953,-464.695,393.281,-204.692,-450.245,-46.8089
245.742,0.364366,353.205,385.106,195.548,-275.633,-97.7961,-447.41,194.893,281.244,-232.207,161.401,-440.27,149.844,161.381,-181.07,-249.186,11.7937,381.535,-446.252
57.3997,274.284,459.237,-271.861,483.302,-308.549,-174.097,311.688,-478.589,288.751,-118.198,-410.738,199.842,98.3389,-146.129,-332.15,421.01,-308.6,284.727,-77.3139
36.9313,-5.94433,-254.85,245.56,-60.9135,-177.931,-401.769,202.655,332.891,-305.689,334.399,287.202,244.057,-269.122,201.658,-57.7074,65.0364,-279.218,-499.726,197.542
401.702,-94.2298,-274.8,184.142,208.632,418.779,-190.618,-358.208,258.524,-421.014,-80.7154,-492.011,354.85,244.869,270.358,-164.091,62.8074,-62.5381,-384.512,-57.4174
-43.4879,261.681,-250.828,-378.4,75.5943,174.206,303.16,444.337,190.49,189,-447.397,137.191,-369.004,487.176,-183.99,170.268,-426.917,-258.063,-123.904,-189.171
-158.339,-368.065,-401.909,22.5261,-354.325,146.944,323.51,-370.677,-264.956,-358.874,114.319,-271.309,-300.185,-386.319,175.622,437.73,40.5737,-102.556,109.19,-72.9885
-143.58,255.853,359.653,-260.914,-282.884,-70.6476,-323.401,-497.2,92.4984,-264.578,73.3445,-439.019,47.9613,424.176,-393.016,-369.297,426.824,255.77,-426.987,-197.318
-366.942,61.5983,100.735,-141.628,223.402,230.631,271.092,100.228,172.692,370.516,-189.556,-55.7255,-101.488,-469.538,-1.86321,-328.163,331.239,-404.246,-7.17997,-313.347
-385.21,-204.344,336.56,-22.635,-77.6517,224.74,-130.22,-439.225,441.58,271.43,401.353,-250.88,38.6698,384.767,-234.565,55.3321,338.512,458.438,195.077,454.556
136.269,379.857,-170.876,313.933,228.162,-480.914,329.327,67.3253,32.6586,55.3731,-435.068,-133.826,-399.04,394.915,-234.152,244.976,433.039,161.874,35.3936,449.221
-101.479,125.957,413.961,-260.18,306.761,-284.867,370.842,233.514,-294.574,-15.0796,-160.394,115.802,-37.5525,52.7318,-16.3396,-35.619,-376.007,184.301,-404.11,399.638
390.621,-48.8442,-91.4853,253.545,135.211,281.799,29.0567,-198.349,19.9694,194.327,-429.314,372.407,-309.221,197.653,365.61,-201.22,49.8701,272.829,151.163,170.509
241.727,495.707,138.661,-10.574,270.727,391.78,473.701,329.023,-156.384,-276.08,-68.538,-409.164,-315.643,-63.3991,321.413,71.2136,-319.784,-340.478,433.527,-52.7985
-196.77,293.482,-248.36,47.2841,146.3,-112.337,101.86,-477.972,450.791,-150.922,475.388,396.084,-395.153,-208.17,85.9751,61.2121,378.05,-490.502,201.826,-404.809
394.81,-51.4035,492.015,-141.004,199.514,18.3845,-248.797,211.111,-479.737,18.6148,-132.105,-167.898,-292.123,372.996,21.9918,383.216,214.148,-161.252,-411.814,402.831
-480.062,296.578,-225.695,-24.2711,-4.94449,487.217,-499.258,348.246,152.923,-220.665,308.673,278.165,156.18,47.6317,308.668,-244.793,116.537,132.226,463.188,424.317
-306.16,258.88,-487.232,-366.937,353.973,-161.568,-271.216,16.9262,301.395,-395.118,167.391,-24.682,162.029,-180.284,-19.3812,-1.8306,-323.884,-392.928,-37.7983,137.146
-330.271,258.265,-62.6979,475.284,200.27,-48.7069,176.57,39.5569,335.443,444.371,-158.205,491.735,-302.964,50.0467,40.7115,-146.121,127.039,-276.736,-231.864,-465.125
-289.988,368.719,262.481,-271.822,194.824,18.2594,-14.8983,402.339,84.3596,452.628,-323.943,-48.5044,-319.181,300.302,404.23,108.12,152.901,74.7862,-142.88,173.698
461.415,290.926,-396.947,125.724,277.547,92.5116,18.7222,415.365,-184.541,29.7067,-151.804,-495.645,324.416,-453.857,-252.034,-476.972,-268.964,84.7596,51.9381,50.514
88.4621,415.555,224.2,224.429,461.888,79.1702,447.77,-324.744,269.764,263.518,-498.267,77.8792,68.1335,307.194,234.069,204.069,-437.792,80.8099,370.506,113.263
-110.68,-497.917,-428.395,-490.789,-379.086,282.631,-20.1807,-276.619,-221.483,-28.358,-443.045,-15.6424,398.374,391.791,-214.896,181.957,-26.8885,94.8424,-176.982,-373.117
225.605,-298.347,-356.078,-379.783,-383.521,-349.413,447.909,-337.156,-392.74,455.344,-406.994,-418.673,159.946,-489.792,-499.932,468.547,265.327,-499.382,-236.326,202.902
-180.675,372.75,300.45,-110.123,201.952,-496.456,156.237,221.058,-345.944,-199.808,-292.452,-176.918,234.605,463.36,350.128,472.423,438.798,-140.416,293.676,-96.6516
-420.466,388.174,-436.363,-137.6,-449.122,96.6476,270.981,110.152,325.597,-144.734,377.902,144.315,-206.228,-381.734,-400.402,117.739,-381.21,144.705,128.035,-444.865
348.712,380.323,-15.2671,-8.6614,152.15,84.4469,-332.168,-81.3838,14.1785,-142.721,-205.524,472.451,-23.4146,-400.648,-27.261,-346.952,-321.311,182.639,-458.868,218.849
-401.684,-375.553,-291.7,-69.7923,-381.464,-57.4973,183.949,356.559,192.321,417.296,132.956,-266.832,170.744,-51.1636,-68.2265,212.567,-108.615,381.247,40.2576,-148.568
79.0266,297.745,-463.704,363.515,-359.133,99.5178,-319.333,-439.721,444.388,-304.558,-195.835,-120.528,-383.404,36.1732,-264.466,410.382,-26.7232,-6.76009,-485.779,19.1555
0,0,0,0,0,0,0,0,0,0,0,0,0,0,0,0,0,0,0,0
-3.7064,6.23523,20.7628,20.6225,16.7151,8.84124,25.3492,-19.7476,-10.0861,-10.6388,-1.79041,20.4097,11.8933,-24.7224,0.255673,1.07554,8.90976,23.5635,-22.1102,-8.6494
22.8698,-10.1867,23.6555,23.1781,8.03374,-10.595,-21.8983,-0.10914,7.26053,10.7586,17.8693,26.0768,-2.08429,-2.8669,-2.19848,-16.3593,16.5477,-15.1987,24.9134,-9.412
26.0965,5.87827,-17.9612,-0.483126,-16.9318,22.3084,-18.3558,7.47426,-23.595,10.2324,2.59938,-7.3994,-21.2847,-21.2368,-9.37811,21.1748,14.7108,24.6031,-20.5006,-26.1207
-25.406,-4.03782,-19.1818,2.42958,21.2187,-3.03749,0.610541,-23.9781,-1.40284,-6.52732,6.28667,-2.69914,-5.9896,-0.848362,-8.4048,-29.3148,13.809,-4.79669,11.9341,-3.69026
-26.834,-16.9029,-11.6372,5.03219,27.2173,-6.44647,-0.214137,-9.58033,-28.0432,21.2034,-5.65235,-12.637,-2.38681,-25.7972,-6.42107,28.2638,-7.6038,-28.9956,-11.6564,-8.24778
21.8593,24.3778,-21.1816,4.90581,-13.1656,-25.2863,-20.8567,6.45447,9.16277,-26.002,11.3074,-9.35187,25.3176,-17.7758,-2.60135,-28.5721,16.6608,-21.9348,12.4652,8.88003
0.825834,-26.9693,26.2713,-20.9032,-22.5692,25.9964,0.423123,23.9078,27.2514,-13.5597,-12.6088,0.483015,-22.6264,26.8758,18.1076,27.7604,29.7563,28.7086,26.6131,-6.03452
-21.0152,11.9764,24.603,12.8688,-21.4812,24.2869,-12.1502,11.5713,5.38368,19.3632,-27.4357,25.9476,-18.3225,26.3802,24.4049,-19.6448,-3.76113,17.7069,1.26213,-20.2312
19.5798,19.6013,-13.0476,-8.30698,8.10553,0.716354,12.8292,-25.9816,24.0143,-8.13923,-6.7796,-11.9729,9.7849,22.3021,27.8143,-22.0799,7.91882,-0.515939,1.43949,-13.8161
-20.0658,-19.6189,-16.0903,19.7903,-9.0401,15.0929,29.1344,-20.0152,-9.69283,3.62033,1.05262,-19.8441,-4.40652,24.7136,-6.62872,23.0436,23.1174,-21.2875,-13.6875,-5.62462
21.1062,-15.3971,3.01963,-24.062,16.6434,10.2951,20.8691,-6.62091,-15.7586,-19.88,21.0881,-6.27317,-0.0532158,-23.1131,23.1173,-2.47856,9.60798,-15.3204,10.3556,-22.6787
-21.5629,-22.6902,-23.1314,-3.84358,-3.14823,20.579,18.0008,-9.72598,15.2619,6.27553,21.655,-23.0463,13.7165,-23.5924,-15.7228,25.1223,21.6117,-17.1848,-5.79698,-17.0661
14.9482,28.0751,29.9271,-13.0391,7.57656,22.8623,-5.53478,4.63703,11.4237,-18.3061,28.8474,23.0527,29.7713,-17.5243,21.1552,-4.14127,19.6326,20.0235,3.77063,-29.2035
-19.4399,-19.8127,-17.1545,-2.97453,15.1371,-13.1696,-12.0042,0.01722,28.062,-5.82571,7.93341,3.47651,19.0034,-13.6681,16.5152,-19.8898,4.64853,14.2986,-22.3805,-13.5785
9.82972,9.90581,-13.4021,7.4359,15.3334,27.8419,14.6194,-25.8132,-10.5708,19.2241,-12.6321,-6.61113,3.00428,-5.33221,-28.3672,-20.1771,-25.8127,10.2481,28.8401,-14.7373
9.53786,-3.72735,-27.0607,0.283966,4.83636,22.1857,-5.96073,-0.519743,3.88445,-13.4536,-19.3224,12.573,17.8148,22.5862,-16.2371,19.0691,-29.3086,-9.22791,-8.94767,23.5027
-28.7173,26.5882,20.1109,-20.4908,-17.6263,3.63493,12.5736,-7.81769,-15.6472,-19.619,-10.4615,10.1058,-23.7346,-5.01471,-14.6313,-18.3489,12.1379,-18.3951,-10.6851,3.44223
-6.94692,21.143,3.70692,10.7177,26.9748,-23.5415,-18.5978,-10.2789,7.41614,26.1471,-20.905,-10.9645,-25.8438,-18.2056,13.342,-8.78347,-26.4018,-20.8527,28.9494,0.881396
-7.72924,17.8951,-26.2446,14.6804,-23.997,-11.6246,-7.55459,-7.08668,-23.8386,-4.07892,-18.6072,-4.47596,-9.15376,-14.0163,-5.62262,0.324018,27.7308,16.6034,-19.1393,14.114
-19.0036,20.7675,1.52532,27.1849,-9.87581,24.7431,-1.61735,5.48777,-10.0664,9.07341,26.8073,-19.4045,-11.8241,19.5729,13.8485,-25.878,5.09827,-17.3949,-20.2505,24.2669
-20.6465,-24.1002,10.5865,9.79549,7.196,-25.9911,-26.5948,22.4227,13.4521,-6.49944,-15.8561,27.6812,-14.2193,-12.7621,-11.4676,-4.36341,-3.37311,1.64458,-15.7065,-2.63899
-22.3187,-24.7535,16.7842,-1.86537,19.9646,19.3861,-3.98555,-9.41297,-7.52035,-8.993,-1.47286,22.0683,-18.8867,16.9716,19.8431,-10.5926,21.9475,25.2782,26.3408,-25.7959
-16.5002,-4.35561,-29.1204,-9.08408,14.7391,23.6792,-8.20654,13.962,-9.43764,-19.0872,-2.88371,-16.1425,-21.7415,20.4842,0.520861,22.417,-7.05159,10.7176,-14.2548,-4.04813
-7.29337,14.6434,-8.94836,-26.3074,27.5235,1.81809,8.84098,8.03662,-10.1977,15.5295,18.4319,-13.9885,17.8423,-6.61913,21.001,19.5401,-8.75879,-3.60236,11.9063,9.71084
25.5699,28.3038,24.4303,4.08142,-17.8592,-29.9143,-13.1984,19.6106,7.35918,0.339717,2.21787,-26.5307,-2.34961,-5.14678,-19.1701,-1.70162,-3.56157,10.7492,-24.6261,-21.2531
-16.4503,14.8937,28.9014,24.3915,5.04448,-21.8293,-14.4592,16.0228,-3.09382,11.9526,6.158,-9.83048,2.00956,5.08155,3.04112,5.52427,-29.624,4.40941,15.2489,28.5098
7.02513,-22.3531,-26.3872,6.20051,22.8696,-3.05593,-11.5108,-26.919,17.5115,18.101,15.574,-24.7744,-21.1338,-26.0288,-8.81139,13.0518,-6.96748,9.21332,20.07,-2.34899
-23.6779,20.7948,-13.8517,-12.8018,-2.09197,14.6223,-17.3215,-0.00128639,2.50313,6.82893,20.7664,-7.39382,-18.9748,6.22535,3.42071,-21.1312,-17.8852,-11.1686,17.9743,-21.1243
-28.4133,-14.3985,7.79969,-15.9279,-27.1783,2.44884,28.7305,29.5804,25.7005,-23.3931,-29.0606,-23.04,1.79141,5.96688,-3.66667,-5.96106,-7.30106,3.55832,-12.4933,-20.9853
-13.2106,-28.7915,-16.5489,-14.6615,-20.6837,9.76687,7.61579,-28.0842,17.3502,24.7348,7.04826,-12.3267,12.4619,2.39,-12.9407,-11.7932,-2.05447,-8.43308,-6.60091,-7.65751
0,0,0,0,0,0,0,0,0,0,0,0,0,0,0,0,0,0,0,0
-17.2561,18.4449,-9.60211,-17.6011,-1.25912,28.9023,0.538378,-16.7206,4.49,27.9215,15.7058,-8.12298,-3.97056,2.89301,-26.202,-9.56646,-28.8801,21.9264,21.8303,5.46963
17.9482,-13.3502,3.41514,-17.8767,25.5315,0.465654,-0.805608,29.3239,21.3637,-28.222,-29.8992,-5.76539,-9.96867,14.9764,11.8326,-26.9647,-13.0522,-13.4362,-28.2116,17.8523
-16.0583,-4.37712,-17.7827,12.9585,7.34932,-20.5551,-24.251,5.07732,26.7691,5.47849,5.2839,22.499,15.6375,20.0438,4.94629,-1.30912,-12.2565,28.5139,-20.1067,2.14872
10.8115,29.1299,-7.63579,0.331707,29.3896,18.1415,-28.1135,19.5637,26.0403,9.19624,28.9945,-24.5092,18.6093,-3.04448,-12.2767,22.7942,22.4317,26.5552,-1.58896,-26.4433
-11.4115,-2.70392,5.13889,-23.0338,11.1969,28.3778,-25.5662,-27.7243,1.40076,12.2499,-27.2934,-16.7288,11.5501,28.0903,18.2614,-4.89637,3.12902,-18.7981,-23.9389,-0.866103
12.2424,11.4858,24.7701,10.0523,-1.017,9.20157,29.3201,17.0563,18.0421,19.203,-12.2205,26.7575,2.67639,2.88873,4.29969,-7.89552,14.554,10.2477,6.47498,18.6605
11.1741,-4.25512,19.7473,20.7344,0.954335,-6.71125,-0.739282,-23.1874,8.97906,3.38183,11.1372,12.7231,-28.8437,-29.9097,10.702,-8.15083,-7.27506,-4.51769,24.0013,20.6087
-29.1231,-23.6117,14.1755,11.0132,-29.1991,-11.5034,2.05689,25.9221,13.208,16.2648,28.0798,19.742,-5.32979,-16.8571,-3.95926,-29.9506,-16.919,5.99695,12.7658,-9.51226
-2.74564,26.8717,8.84677,28.8325,20.8348,-19.0699,-8.52473,-20.8122,15.396,15.7589,-0.451205,-24.7726,-10.3368,9.96744,0.866729,-5.8068,29.4052,-22.4035,-26.7423,-23.7563
-13.0621,-18.9153,-7.90589,-4.21075,-26.6173,-20.5651,-0.189764,11.942,17.5146,2.56444,-8.1393,26.1963,-20.8441,24.5951,21.3394,7.36333,19.1222,-19.2031,-29.2636,14.7805
0.240934,3.33065,-10.4818,-11.3534,-1.5081,28.9312,-1.23279,12.5674,-27.878,-22.6374,-19.3795,3.7648,13.4899,-4.22269,21.3403,-19.9951,20.8372,22.7998,-28.6238,19.3664
15.0637,-20.4438,-12.9384,24.476,18.8824,18.0076,24.4013,-21.8577,-10.1403,-27.1404,-27.0659,21.0014,5.33019,27.4586,15.9654,7.38268,-0.88855,5.55037,25.0179,-8.25087
-4.48716,-16.7256,3.45344,-8.90599,-14.0648,-0.359944,-10.0635,-29.7127,-1.80161,25.4705,1.46299,-19.2026,-11.3017,24.5233,23.2973,-17.5881,28.0299,-29.6032,-20.8886,-17.3661
-16.4278,3.43128,7.47787,19.0723,6.26803,-23.3725,23.1619,22.6463,27.4777,12.5133,-29.8841,-1.26145,-6.58672,-1.90512,20.4152,-19.569,9.42437,18.8191,-7.39084,0.510499
-28.2361,-21.8953,0.405959,18.9551,-26.8579,-21.0164,-11.7314,5.32374,16.2296,7.07531,8.03674,-9.72243,24.1637,-1.48507,-18.319,-28.8238,-9.85009,-19.8184,8.8582,-15.5654
-16.1641,9.04458,9.24116,-23.5139,8.01434,-27.0818,9.9341,3.54009,24.5458,-25.748,24.0488,20.1833,8.43474,-26.7853,14.314,26.138,-14.3925,-18.0054,-5.54405,25.2509
-29.0893,25.5264,-17.4488,24.4857,-12.1131,20.8958,-0.289662,-16.5284,-1.87668,-5.55235,28.4077,13.927,13.3254,0.555908,28.8587,-14.8654,-19.6665,19.3047,-26.2047,-26.5203
-6.51271,-8.74058,25.7936,-6.02485,-3.62843,4.31621,-25.4358,22.3016,4.37811,-15.445,9.34318,-8.83997,5.60577,-3.83557,-12.5857,9.81629,25.0944,21.2844,-15.0988,-26.1459
2.6907,20.4337,28.1566,-20.1247,-8.85414,-10.2408,28.4956,18.122,-15.7709,-3.28742,0.0592485,17.3977,-8.2343,-28.9705,-1.09564,16.7431,-7.37544,9.84758,-12.0136,-23.5722
-12.6382,-7.97288,-29.9011,23.4435,9.75765,22.2741,9.62768,21.6979,-0.101909,-4.46836,-18.4046,-19.0101,21.3559,-25.8676,25.1353,-9.03528,-5.00464,21.6163,-28.607,-15.4189
-5.51012,19.0425,12.0248,-6.98863,21.0181,-26.414,-23.6243,-14.0353,-4.89259,-10.1864,5.20129,29.8914,6.38269,-13.2942,-25.2327,5.66039,3.73028,-20.6482,9.73137,21.6206
4.26545,-26.3872,26.2825,22.5988,16.4522,-13.3394,2.02172,26.9239,-12.4379,4.85652,-14.673,-2.80513,-18.999,20.8722,23.8445,25.3652,-9.2543,-6.26231,-6.07884,18.1211
-5.98311,-19.3158,-9.50675,0.345556,8.33195,-16.713,-22.7637,-10.0328,29.0981,-1.8119,-25.8734,19.3471,-19.9767,-0.811703,-1.11513,12.653,6.76459,-4.22602,7.30199,4.95201
28.1132,-16.4193,-1.72284,24.5069,-17.4336,-27.8134,-28.9693,-11.2373,0.67282,18.689,0.610456,10.4609,-13.752,-14.5296,0.671127,-15.5609,-11.8861,-9.66884,14.6337,24.3836
-22.9244,6.55724,-16.5801,-9.64461,-21.0317,-19.4083,-23.5474,-25.7968,7.66126,20.8704,-20.8216,-15.13,-27.2084,-15.9545,2.37637,2.71948,23.7888,8.51742,-14.1281,20.4867
20.4265,3.24374,-8.26341,-4.69734,-25.4738,8.48175,10.0301,5.53918,8.84026,-9.77255,20.2005,-21.6674,-20.6227,-13.0331,22.451,-26.2714,27.8563,13.9788,27.5611,15.0437
12.73,-7.59461,-18.4317,26.769,-12.7361,-24.3895,-18.5823,29.5699,15.95,-11.1834,-8.20103,3.74929,29.3755,-21.6563,28.0944,-23.6588,-12.3839,5.53493,-12.8702,-12.8352
24.0473,27.9584,-16.621,-24.5676,-24.8672,17.4709,-15.1328,5.78141,22.2333,5.93744,-6.1363,5.02297,7.73659,26.9001,-24.4619,-16.6485,5.77518,7.24613,-23.4187,8.80668
-14.6462,28.89,-18.048,-0.726869,-13.9646,-18.7031,-27.6244,-19.5312,-22.612,-17.4348,13.0461,3.7875,-10.2009,25.6692,-22.6764,23.6394,3.07601,2.29209,-28.2485,0.384282
10.6133,12.7808,18.0126,16.1583,10.3395,-2.43471,2.55763,25.6894,25.3277,14.4148,-5.60297,14.4453,-4.85021,16.7475,-17.3032,16.239,-8.67317,22.2895,-4.67842,11.51
0,0,0,0,0,0,0,0,0,0,0,0,0,0,0,0,0,0,0,0
24.3376,11.6847,-29.8743,19.6197,24.3038,9.03328,-22.3513,0.815688,0.675758,-14.3279,-1.87923,-0.00382026,-0.895572,18.2949,30.404,2.87744,-0.378415,19.0285,-3.13473,18.9663
16.1403,17.1698,-7.80607,14.0275,14.8748,11.589,-7.97313,2.90981,11.6495,7.51003,-1.87737,17.5246,8.21999,-14.1321,12.6352,24.9117,1.30376,10.8329,31.8951,0.605599
1.82559,-12.7045,19.5434,17.5027,4.85376,5.40508,17.2056,-3.375,14.5633,6.78828,24.9299,26.3054,17.1779,3.98871,-4.34253,1.06903,-21.3503,10.163,18.4204,20.8007
0.147293,-12.1627,23.4825,10.1434,13.388,-28.5285,-18.5328,-5.53645,-10.2046,-2.76889,-6.53451,10.503,24.6605,-12.7493,20.0305,7.57899,3.62889,17.1215,-2.25727,-13.9794
23.4972,4.62542,9.78748,8.03694,-0.907995,3.49445,-20.6838,-19.1753,-13.909,13.1014,2.83208,25.5892,-7.62745,-8.75268,14.0804,-6.89724,13.6128,-9.18796,19.881,-13.3115
3.7813,-27.9346,-0.285858,22.4699,-8.20608,0.0225035,4.9749,-6.41246,-21.0308,8.50792,12.9969,-9.16951,-11.0237,5.0734,14.1234,-15.899,-2.62018,1.68143,-16.0368,-13.0298
12.8117,28.4268,-1.1697,-14.9338,17.7536,17.8641,-1.43229,-10.0273,-8.10417,19.2304,2.48444,-10.8437,11.112,19.0326,-6.58785,23.7606,26.6699,-1.87713,-19.9168,-2.22365
0.461596,-5.34927,21.6171,7.15114,31.3944,-3.41854,3.50838,-3.19129,5.18247,8.28041,21.6913,29.2867,-17.8671,-9.21292,3.07615,21.2865,-17.023,22.7328,-10.0925,-2.17315
16.8747,12.4975,-31.4189,-29.7615,5.20247,-2.44104,-17.3447,-6.77908,-1.2482,23.1713,5.13629,-11.0163,-5.1498,12.6426,8.26559,-0.902372,2.96633,-8.8954,7.73232,22.0218
-8.7733,15.5967,-0.211387,0.00827538,6.59803,-17.5367,15.2086,-22.0163,6.42952,-29.0683,-24.8253,6.97522,5.96031,-3.24239,-19.3288,15.2529,8.5085,10.9217,8.14632,-0.658819
-13.3897,3.49185,-4.84567,-15.1581,-28.3958,-15.9267,-2.99257,-18.1191,-14.8187,-13.5121,9.56814,8.65103,6.23121,12.3805,11.0243,5.77085,10.3861,-1.66661,-27.2147,-15.0488
11.9749,2.1587,17.2205,-6.35858,0.590535,13.3794,-23.4473,-6.08984,3.01991,-17.6775,-15.6035,0.0914537,28.6713,-15.1424,8.45529,-11.5821,-4.73638,8.38853,7.77704,-10.8257
23.666,-24.4908,18.0641,3.55809,-17.2092,8.13954,-16.523,-13.1599,-7.73331,2.21286,-11.8794,8.44155,20.1251,5.49476,8.03186,-5.24857,9.61849,-26.5739,-13.765,-24.8416
19.3098,-29.1872,0.15992,8.45955,6.67227,16.5188,-18.4378,-24.9345,7.26752,-13.4387,-1.43067,10.1139,-20.5537,21.109,15.6274,2.35517,-5.85554,2.64421,-12.0002,0.818802
5.57373,20.4411,-9.55971,14.5824,-26.5322,-1.17626,-1.66833,-11.5148,28.4801,-2.12249,16.5933,4.5785,-3.51692,-8.31408,10.0201,-13.1817,2.11182,-5.85278,-4.44808,1.59327
24.0545,2.77519,-5.18849,17.3631,4.92373,-10.7317,-8.6152,2.12096,-28.875,6.74459,27.2673,27.3342,3.23273,11.6751,-3.99224,-9.08775,-16.0355,27.3437,-4.56462,13.072
14.4127,3.78855,-20.4625,29.3487,10.4934,-3.75305,-5.19786,-0.784085,-2.67452,-9.11282,-5.95361,9.68706,-7.50902,-0.556829,11.8703,5.54444,30.8647,5.31875,31.779,-23.6813
3.255,-4.02011,12.9247,-28.2747,8.15068,0.578207,1.52083,24.0552,-22.0201,1.909,-8.54521,-13.0094,-21.7253,-10.8469,-3.25799,-19.08,-16.7293,31.2988,15.7483,-13.7459
3.30796,-8.17262,11.7528,4.75912,2.03927,23.1497,1.26811,6.91634,-16.3264,6.69962,7.56838,2.20432,-30.7989,23.6799,-0.30532,13.9592,-1.13399,15.4789,0.247474,11.8636
-10.7181,25.858,9.89344,-0.925141,-8.31472,-5.94314,-0.641365,7.33978,-7.89014,7.20112,29.3737,-28.7821,8.56944,6.45824,11.7504,-13.6707,18.0001,-9.13825,-2.68827,-23.9962
14.299,-28.3966,-10.6934,6.16278,3.79134,-23.4711,0.910368,16.0832,-25.2831,0.456874,13.4037,14.57,-6.08273,-6.44772,1.39108,29.6366,5.2814,-5.85084,3.28526,29.5456
-10.3554,2.77507,-6.72542,4.3333,3.08695,25.559,0.142726,-0.218459,-30.5764,-9.54296,6.06152,-15.6676,0.465519,-9.77418,18.1126,-16,-24.985,1.56953,1.36974,-27.2061
-15.7301,-2.17888,-14.6595,-7.16471,-6.98235,3.78096,-6.87844,5.66053,-6.1047,-22.769,18.1171,-20.1659,-1.52956,17.5529,1.84307,-7.0918,-22.6842,-20.326,13.4976,-19.1801
-20.314,-18.8458,-3.4789,-2.16016,-9.79192,5.80244,3.66715,12.8726,-3.21753,-18.0616,7.85343,-2.83819,22.2593,19.2998,5.00035,21.5195,-0.958647,-4.56759,8.43384,17.8146
17.7349,23.7451,4.55416,18.1056,4.37837,-26.5518,12.4617,-25.3494,-6.4739,-4.62461,3.96034,-5.47359,21.5151,15.2895,6.80961,-16.1098,-0.470187,12.9581,-4.90327,-26.5273
-5.70975,2.52347,0.323584,-6.10361,23.3378,15.8474,9.26223,16.6112,3.74607,-3.25064,7.01153,-16.6637,-18.4497,8.23828,-5.70938,2.29987,18.0431,17.6117,20.1265,0.422685
-14.2406,13.0805,2.82608,9.45518,-10.7668,-29.8773,-17.0006,-15.8989,13.1176,17.317,-10.4799,5.61634,-11.0644,-0.957193,10.8314,-12.0077,10.7505,-10.2081,8.82077,9.07146
-6.13124,-10.6366,-11.9415,16.1244,9.49327,8.58078,1.565,22.5719,21.1434,-7.39639,-20.8163,-1.69264,20.5888,-1.38704,6.5939,-16.0902,-2.7128,16.2621,31.4169,-6.69366
27.0378,2.24017,9.3906,11.0146,0.376672,-1.01243,2.0789,21.9007,-28.0587,-17.9025,-18.4185,-14.9246,-8.65038,12.5343,-6.58303,3.6972,-13.9833,11.2762,7.72794,-4.66627
-15.9078,1.63106,11.1104,-1.44412,-0.192031,-3.02429,-26.7426,18.4141,8.41967,10.6558,11.4522,-22.8524,31.6838,-11.963,-7.15829,-25.113,-14.4584,-7.57696,12.9006,2.66172
0,0,0,0,0,0,0,0,0,0,0,0,0,0,0,0,0,0,0,0
20.2819,3.50045,11.6717,15.732,4.54401,-1.42407,-9.98421,-2.18384,-3.80981,17.7318,-29.174,-30.865,20.1276,-16.7835,13.8566,-0.503829,-28.5728,-20.2682,28.973,13.2561
25.2264,-28.6599,5.05558,-7.55177,-31.7282,-20.2615,-5.92043,11.8158,-8.83799,8.04729,17.1673,22.7904,8.85431,-1.83344,-3.70398,18.0098,10.6217,1.74555,2.33141,19.4136
9.75977,-11.7124,-0.961458,-12.0193,-1.64366,-6.0476,-0.0969274,19.027,10.1065,-4.59361,-9.34686,-9.45547,12.8099,8.74519,2.91624,22.989,-24.5054,29.92,-26.2304,17.0083
-10.7675,28.5236,-2.47178,-1.48752,3.5192,0.905965,-0.563403,-7.82174,-30.6971,29.3361,-19.7581,-1.37287,-11.4815,30.4581,-25.4264,5.05883,1.22614,29.0598,-23.0276,9.94385
15.6576,-3.80872,-11.1647,13.88,-12.7242,-2.2886,-9.33255,5.30642,-17.644,1.93104,-18.7614,-23.3411,11.1087,22.6689,-17.4856,27.3969,-4.39441,-4.48961,0.67961,-6.86745
-1.32753,-30.0504,0.959947,2.56577,1.98787,23.2922,13.1002,14.5797,-20.9385,13.0382,-1.38336,-1.94686,-2.38136,17.7677,-29.3605,-14.2,-4.51486,19.8865,19.6734,-0.718339
15.3967,8.25434,13.5288,-7.58222,4.21924,-0.0583906,-1.97754,-2.34793,1.00123,-7.66889,7.60607,-21.6019,-21.1411,-15.6401,-2.60021,14.0651,-11.3875,20.294,-31.0161,27.5044
15.934,21.3993,-16.9701,9.3751,31.7337,-8.91023,-3.67613,-2.24077,1.19511,10.8344,-12.4779,13.1089,-0.176707,-1.7501,21.8539,20.5389,29.1796,22.2084,-11.8922,3.15976
8.30009,11.9321,10.5663,-3.79479,-1.5097,-3.8116,9.42151,0.388083,-2.88771,-4.45948,-18.5852,-30.7035,5.54341,-6.68543,31.5062,24.0307,2.52513,-1.02893,-2.97953,-24.3611
-3.38606,-15.9203,14.6898,-28.1103,10.0477,-0.971205,-5.5506,-22.6045,-10.6627,-11.3718,2.94368,-3.24106,-14.6942,1.50331,7.7461,6.2239,3.69083,-2.90265,-15.2526,1.06291
26.4367,21.021,1.99656,-20.0401,15.496,-1.09292,1.99049,17.0292,20.2292,-18.236,27.5282,20.7778,31.4552,17.0535,-6.2952,5.12555,1.97092,-13.5454,-5.02002,-4.49916
-20.11,-4.26084,6.49101,0.265696,-20.539,-3.02159,19.6337,11.4336,-3.70078,24.4308,-4.09777,-6.23314,-3.44326,-0.995769,-16.0218,6.04123,16.6911,-20.4725,-28.2476,-21.4371
20.2855,3.82973,-6.91458,1.48786,-31.4024,27.4385,-16.2386,5.22501,-0.505751,28.504,18.1193,-27.008,1.76407,7.82816,0.0918133,-23.9232,-14.6761,-3.75556,2.01073,31.0623
26.2532,-1.02615,2.28627,16.523,-11.769,-27.4808,-3.12806,1.95846,-2.85958,-31.1125,9.09444,-22.6282,12.0169,-29.8397,-10.5706,-14.8078,-14.8752,11.5349,26.9735,10.7209
18.1785,-7.35653,-11.9098,-12.6948,0.634811,8.72048,0.961518,6.07268,23.4281,-7.17713,19.7672,-31.0295,-7.9476,5.74816,-2.29934,-15.7165,19.0831,19.0521,-21.687,-3.79872
-14.4181,14.0541,-31.2965,-0.134168,6.41051,-6.87498,-18.0653,-24.6797,3.07235,-0.835082,0.978183,6.41322,6.38175,-20.7668,-12.5646,28.4341,0.381895,7.51481,-8.98267,11.9165
0.868892,-2.23216,-1.10083,8.07319,7.70303,-26.403,-5.10392,11.6474,10.3866,-0.756332,29.8782,22.9791,19.1223,-22.698,4.52128,-10.7366,18.2797,-8.93793,-20.1598,-18.1305
25.901,11.7853,1.16516,-10.24,-6.20123,23.5076,-14.8288,26.4966,27.7487,3.88784,-9.70161,-18.3544,9.85081,20.9284,-15.6231,-9.3388,15.7712,-0.275167,-6.14949,-0.194808
20.6459,-18.1436,-9.86757,-3.4289,4.80518,-30.4567,-27.6873,11.8895,15.8425,2.50755,1.09927,28.31,-3.79514,-4.2167,25.2028,-10.245,-15.9066,3.21783,-3.74022,-0.123926
-5.5787,-27.8737,18.9581,16.2117,-5.04228,0.193822,16.4092,9.80054,-3.63217,9.90776,13.1127,31.4563,-16.8118,5.88597,-2.03074,2.91024,-18.3246,12.6492,-19.3728,-8.83803
-15.7045,26.7795,22.7946,-0.668013,0.0259505,7.03659,18.0296,-25.0157,-28.1145,-23.3899,-7.18354,-15.4639,20.3928,-0.467972,-14.9924,4.95162,14.2061,13.2862,-9.19654,28.0888
6.80208,9.07393,-6.0071,-1.9619,2.50775,-14.5977,-18.3597,15.5562,28.5848,-20.2087,7.80637,-28.1289,-17.5734,0.8819,-4.72416,30.6489,27.9516,20.8187,0.59254,-23.8036
-20.2481,21.2333,5.97327,-1.97929,-0.809329,-20.53,-6.64319,-6.66296,28.2495,7.51235,19.1708,21.8783,-6.84667,6.50871,-2.40219,26.7596,-23.7122,-0.964626,-20.7974,-23.1376
-28.9352,23.9165,6.45772,26.8407,-4.71193,-13.3162,-5.51425,23.4019,6.11544,29.6001,-22.6592,5.22624,4.78262,-0.357258,2.31457,2.08033,3.63768,-8.74293,4.70697,-13.5109
3.90488,-5.61387,7.73852,14.1716,9.88876,-28.2691,-31.8153,-0.136123,3.21189,-6.31225,-21.6294,3.5023,-6.69191,-24.0238,-5.19278,20.1096,-12.5677,26.0453,-27.7172,-14.3084
-17.6231,-13.5027,-10.5856,-8.15098,7.11134,-6.85434,1.09708,2.2626,3.64083,0.992028,-20.2725,31.2035,14.4761,-28.3197,9.18265,0.861354,-26.8896,-0.926447,26.7136,22.6577
-12.4566,9.34807,-2.14095,16.2956,12.5977,0.479577,-1.22704,1.3153,6.018,-29.3366,-30.1749,-20.3238,18.4281,-0.0950404,29.8112,-2.62857,-3.27952,-21.4946,-21.3157,31.0744
0.0511971,20.277,7.94189,2.1629,-4.67524,30.8302,-8.3768,2.67701,4.49953,26.9207,-10.277,0.0862705,2.30856,12.9038,-0.995798,-2.50114,-25.9309,26.7607,-15.7626,25.7282
-15.8834,-4.3577,1.02436,0.489352,10.0034,15.5092,29.1261,-5.07825,-2.2262,-11.5244,30.81,-31.0439,9.05513,-6.00132,9.94846,0.146094,0.832659,-23.0353,9.56344,15.1935
10.627,-3.67001,-8.19718,-0.845135,-13.9445,-3.08945,16.9894,5.25309,31.4466,17.8193,-29.1262,5.95305,-0.0885875,-7.59413,19.5703,-27.2052,-8.99807,19.1172,-14.9322,15.8986
0,0,0,0,0,0,0,0,0,0,0,0,0,0,0,0,0,0,0,0
-485.358,286.305,-444.937,-397.01,466.559,-340.543,-104.748,210.315,-12.6508,-372.243,337.515,357.446,230.048,-286.317,-141.305,118.168,-36.7358,-231.947,-185.097,-213.003
-92.9662,76.1476,-368.76,97.9754,-388.498,229.707,-175.099,-231.212,320.519,-254.013,366.124,319.686,322.933,-488.573,288.464,483.937,210.423,-432.392,405.416,-91.1495
-391.027,-418.533,213.909,224.01,473.748,-139.706,-158.267,67.8876,-201.976,361.912,186.051,327.474,65.9949,297.835,55.9008,-224.89,294.233,-441.981,-399.578,-138.517
-396.118,115.252,-19.2479,94.8786,-398.211,-134.88,-298.567,-379.413,-140.104,108.697,-290.779,417.953,-315.889,281.71,461.675,423.162,316.058,205.574,487.662,-166.692
-297.919,460.369,-4.02412,-175.243,-25.2099,-310.007,161.858,-210.7,366.413,-449.13,-350.23,-76.3662,480.068,442.441,162.065,205.038,-254.198,-249.185,-226.465,269.687
-276.326,-458.098,153.941,246.818,-144.414,394.036,-83.6712,-133.958,447.124,44.1817,-224.688,308.073,453.933,261.306,268.262,492.232,406.089,-345.974,81.4081,-6.574
-453.866,-205.999,-173.635,257.446,436.032,-450.913,388.928,155.726,-138.425,-273.659,-309.905,-467.346,412.768,126.238,84.3528,-404.164,-338.599,-493.963,162.655,-60.3144
-34.8124,141.475,259.726,-364.486,-75.1485,254.931,7.30224,399.852,397.974,492.447,451.7,-133.237,-155.981,462.452,-243.983,-178.198,-356.589,291.917,-460.118,230.31
-409.576,360.566,464.323,-136.735,420.668,-370.864,264.906,-230.302,-233.752,464.162,174.009,304.017,-17.4193,-478.944,371.626,-159.417,116.625,88.0483,-385.525,415.415
-443.77,-178.058,-477.245,59.7142,-116.262,493.235,424.312,-82.107,34.8596,283.497,451.793,-332.291,175.019,-126.242,-66.0187,-350.358,-447.805,-302.038,460.03,409.014
451.385,251.734,-205.896,-405.589,166.845,66.2204,447.676,74.0694,-227.02,-6.25721,350.716,457.697,480.308,33.9967,-244.532,-8.5131,111.499,-300.835,206.965,116.048
-358.469,-260.613,268.97,-203.864,264.432,-311.658,-198.407,-95.5479,-326.98,131.851,-344.183,11.8963,169.771,-461.149,339.792,293.289,-282.137,-493.33,403.072,-415.617
74.7601,232.716,-297.569,-32.797,-234.9,162.222,344.293,-99.5592,121.769,268.904,111.867,317.472,488.672,109.228,291.024,-484.336,306.084,431.159,-312.589,459.38
310.364,-478.908,-88.4967,-278.153,-38.0614,-55.1129,-186.172,-423.504,348.266,-336.092,129.089,-160.05,267.717,-439.074,-88.7419,-2.51989,394.986,-229.384,293.707,210.455
-43.8257,-146.042,311.551,-477.378,209.736,314.17,103.97,-117.296,-349.757,-153.338,-266.357,-427.195,-189.345,113.623,-362.514,335.124,-459.827,429.886,330.927,478.949
-281.013,-178.814,-386.959,-460.553,399.717,402.169,405.457,-342.955,-488.4,420.911,-21.5676,225.097,-301.955,-160.375,392.165,-189.283,488.133,195.693,161.617,356.306
-115.598,184.139,275.07,146.48,161.697,-358.017,342.602,-121.975,438.526,-361.017,-106.311,-111.929,344.207,498.24,-142.361,-399.73,49.5155,-354.763,185.288,-205.052
109.961,319.952,-494.484,-277.406,167.961,-215.734,-290.689,-388.912,-125.873,-485.571,450.617,402.981,279.383,227.053,468.609,122.991,-97.6803,-134.82,-277.897,277.336
-180.076,457.153,-20.0726,387.914,228.514,335.722,-108.937,97.3369,-125.046,312.465,65.9975,14.2573,440.554,169.377,257.257,295.575,-313.658,-55.4298,449.646,-279.427
43.5431,-326.528,456.812,434.156,442.608,-424.114,-97.5099,21.3302,-343.172,-223.987,314.641,-241.36,368.173,-107.787,-261.507,267.58,429.109,150.117,280.408,85.86
229.397,-51.6509,-375.856,289.686,203.914,455.808,428.991,455.094,188.021,-326.954,-356.936,231.583,-301.017,-452.687,-373.942,324.042,-153.563,292.915,163.139,-358.176
-384.765,-109.302,-403.443,-349.434,72.8145,336.974,451.596,60.7745,-340.833,192.005,-32.6802,-236.629,-491.713,232.368,97.0857,75.0585,43.9545,352.1,141.647,49.0798
306.874,-124.465,422.073,-310.249,469.466,61.236,381.074,-82.2715,-406.464,-90.1632,-253.466,245.371,-309.676,-438.559,427.487,423.875,-129.142,329.506,395.504,-317.195
-301.057,485.119,92.8661,-383.929,99.6315,-419.063,-334.809,-397.292,53.1021,-263.998,134.414,-347.594,461.135,-80.4173,4.65738,-204.05,-260.784,-85.588,134.528,2.07055
-330.989,207.241,99.5347,30.8242,-103.011,423.023,151.255,326.019,273.823,-225.766,34.2271,-377.77,153.356,-61.2778,-288.804,-297.956,-450.436,419.125,-355.396,359.8
157.6,-291.682,-380.374,142.343,55.5034,-106.374,5.73734,132.95,-122.283,-301.263,-198.353,129.417,-13.5376,15.1271,399.609,3.51792,-79.2435,-307.102,-33.1507,171.342
-372.873,194.671,-84.2998,-12.8605,348.494,-202.177,201.434,-118.659,-444.05,-203.831,470.121,18.7809,166.384,144.082,87.7309,-269.905,-448.974,-414.75,67.7476,-204.336
-459.815,73.5027,318.89,-331.391,53.6875,-371.934,161.103,322.53,274.041,155.06,-429.047,-406.466,24.2367,-285.279,62.7192,313.655,-499.071,-11.2454,361.531,186.106
333.133,231.205,438.437,-494.016,-434.618,-448.338,-359.861,411.225,-381.132,-370.348,-159.724,-252.58,-211.882,51.1382,-209.461,95.2609,79.403,-420.212,-426.612,-461.343
-39.2499,463.899,-287.806,360.558,-366.726,-392.318,-300.244,307.807,299.023,277.496,-478.057,397.7,-46.5921,-86.5717,-145.83,-304.297,412.454,192.011,-269.572,-295.02
0,0,0,0,0,0,0,0,0,0,0,0,0,0,0,0,0,0,0,0
-16.8471,-101.153,-183.553,-195.127,-413.952,-289.368,-67.8013,357.819,379.468,-78.4408,-66.5019,493.323,-365.259,438.035,49.3952,-354.173,456.951,-333.921,252.75,-451.706
318.917,-142.809,-419.841,-264.774,-126.225,-283.208,-120.072,-272.749,-402.438,-90.7204,182.403,486.77,53.8172,368.809,60.77,-384.019,-369.572,93.3764,-380.179,-117.246
-167.68,412.288,113.248,-428.328,-197.48,139.299,468.912,-436.577,-206.485,-21.4018,204.255,-317.73,301.452,-6.40133,77.2516,17.6887,16.463,45.7598,-1.30948,-320.494
56.7863,337.519,-197.545,-380.286,-395.656,-41.4259,-442.484,172.105,245.968,84.3718,267.358,194.132,406.958,-312.505,80.2079,-117.185,-397.314,270.763,-362.646,-415.287
40.8562,-451.212,164.446,352.48,341.911,422.158,340.569,187.057,-150.621,489.901,219.304,-9.41028,-13.0502,-71.3694,103.647,196.276,153.795,156.724,-24.8647,-291.929
483.521,-239.704,-430.642,353.544,273.306,-75.1521,321.092,-51.926,-352.832,6.2834,-476.366,-289.072,466.194,-462.235,314.487,-23.847,449.318,182.742,-363.037,213.867
-166.335,-296.978,113.937,432.975,-255.722,-92.9457,-404.9,-480.928,-146.712,-152.226,343.957,231.013,317.047,-29.0346,-126.168,328.473,96.7785,346.085,234.705,-141.5
-374.982,-54.6323,261.058,227.387,280.476,8.98234,144.295,356.864,-399.235,-98.3501,325.309,137.612,213.962,273.779,313.514,-380.922,343.109,7.07659,224.376,-438.94
133.771,-112.627,-296.275,-440.661,370.719,430.423,331.018,38.9239,349.181,-162.685,307.435,43.307,309.75,-79.5462,30.0408,317.798,-383.126,-404.635,412.649,-344.841
-145.763,438.01,-93.0355,-409.866,84.225,-130.274,-106.271,218.316,12.2067,-190.603,493.181,-362.526,442.015,-205.637,-260.838,-457.916,45.2666,-185.181,-295.066,-114.891
-89.859,87.5484,-366.937,-34.9479,203.77,-384.478,-391.531,-166.227,325.096,-268.265,453.212,-253.425,-135.427,356.113,-184.372,-51.1814,-486.704,15.8168,-393.259,-174.092
110.997,179.093,-314.522,44.9626,238.162,382.826,-304.4,443.268,-232.181,-154.677,-290.461,431.566,357.549,-380.617,-201.942,-220.843,104.568,57.4623,66.9077,313.53
-125.706,-400.199,395.509,-356.933,460.978,-460.511,204.446,-310.201,230.345,443.476,-375.922,-16.6531,318.476,-269.813,121.188,-179.101,222.161,-89.8034,229.778,364.963
194.116,-260.009,132.919,203.985,491.378,-135.577,438.263,449.727,403.332,86.5044,-498.272,57.9226,464.639,391.898,137.042,439.408,-64.3117,-394.786,-72.9012,-109.566
-69.1477,-286.807,-351.919,-451.25,-110.485,218.257,3.39768,242.733,-18.9457,333.138,349.074,-171.668,271.446,-84.9044,225.985,472.664,-219.856,-41.0248,-283.675,-479.594
-117.085,-25.7058,-256.051,482.894,461.323,-89.6224,56.0897,-34.6852,-13.6148,397.042,121.034,-411.949,144.178,-194.834,305.102,-364.272,320.14,-74.855,33.1814,-142.575
246.04,-243.304,437.718,-35.5418,436.499,-94.1681,-391.75,305.215,-416.36,10.8771,-254.748,-272.422,-99.83,-123.898,131.795,-213.491,332.054,-277.153,-349.83,101.97
320.912,-465.431,-377.336,102.912,-194.831,107.984,-342.93,-399.548,-154.883,342.562,402.951,359.159,-74.1836,284.008,46.8805,150.341,100.112,458.465,92.9664,-262.329
-375.68,-492.939,206.038,-420.479,40.2141,62.9543,486.305,311.633,-492.408,323.704,-379.027,463.503,22.9672,-370.845,267.316,-168.52,485.947,276.257,-320.623,358.278
262.898,-303.022,-464.07,473.102,435.135,292.366,450.073,-31.0822,211.126,106.023,217.858,290.279,375.134,409.973,313.381,381.06,-412.871,-134.496,39.5638,150.062
-416.143,-113.928,-280.274,372.092,-400.221,-20.2101,-400.787,-87.0003,-257.473,-423.416,-460.006,-397.847,-50.3779,73.6122,-411.217,-283.241,-316.639,475.533,146.204,-296.946
-229.352,85.6529,223.552,130.613,474.208,-253.3,-166.622,239.366,444.54,-369.872,261.176,29.1189,343.824,155.724,100.614,499.048,479.555,439.82,134.737,140.646
462.147,428.878,-334.044,-320.315,238.327,332.952,-3.45997,35.9116,276.329,154.911,119.602,-233.16,-250.317,-349.803,158.244,181.041,-313.977,10.4524,434.176,-492.583
212.357,-400.198,-359.844,450.073,-329.644,276.416,-40.811,220.822,491.107,-31.1347,-95.6651,-342.299,306.193,-406.001,56.8504,-125.385,57.7459,157.507,171.424,-268.026
-459.535,-400.059,166.794,167.406,317.012,-117.724,-244.236,452.163,142.337,-415.099,-403.596,-481.878,-63.053,434.811,379.67,390.985,396.434,-238.244,-413.134,305.088
390.978,-417.056,69.5314,97.6632,-400.637,243.5,-256.217,113.504,165.227,454.121,-102.419,36.491,-461.799,-310.352,-258.248,-291.978,-437.955,-106.638,133.434,256.656
-258.636,-242.129,147.873,467.137,-107.58,331.079,171.08,-254.548,-242.487,335.651,423.627,-131.129,231.623,305.156,-150.441,-241.589,294.082,496.035,-92.0414,-156.252
22.244,311.839,-269.651,456.764,208.298,229.068,-155.059,49.9373,470.747,419.691,268.866,474.199,-215.509,58.6503,-292.494,410.787,265.561,353.799,-297.035,18.0626
-52.1222,443.938,-334.717,492.662,331.683,-120.357,-492.013,-390.1,317.4,276.433,311.758,-449.437,-299.064,473.389,421.036,425.883,390.949,54.4604,306.637,407.16
-293.269,83.4874,-488.077,140.363,-334.809,-258.807,-425.734,421.682,-23.7537,165.53,-193.486,-312.243,-227.314,-72.9688,205.976,-404.538,363.593,353.17,198.068,239.495
0,0,0,0,0,0,0,0,0,0,0,0,0,0,0,0,0,0,0,0
-17.9136,-4.38357,-3.53473,-81.6882,-27.1374,-99.9872,59.6531,-81.0205,-93.9167,58.2102,21.6243,-71.3427,-23.4409,-49.913,-51.9285,64.0283,-95.1752,46.761,72.6619,-18.0915
16.6515,-5.29058,-51.0191,-31.6912,-25.9583,69.3335,60.7886,76.6072,-50.7277,27.7817,-34.0498,-65.0746,47.058,56.9582,56.6679,34.5393,49.095,-53.0567,-17.4293,-86.3602
18.9743,89.5013,26.3268,-75.63,-57.9491,-59.4808,-7.41659,-52.0768,-18.4748,51.374,45.9603,-47.2923,51.2988,50.2741,70.0629,-23.3186,-53.1925,-93.5529,-0.918022,-39.4073
86.4175,77.6319,14.7264,76.2174,67.7038,10.2602,84.0914,92.038,-54.288,-46.3976,-45.3962,-63.6036,76.6953,-82.1143,-84.1319,74.5489,54.9966,99.368,-81.5229,-54.2662
-45.9981,31.5313,-64.4891,-18.3318,-14.6821,15.175,-5.83034,42.2641,-56.1498,-44.9987,-40.3861,97.2413,-4.76931,-41.1946,59.6818,-6.7131,-74.2521,-36.051,-5.3892,38.8286
-7.02154,69.5759,12.2829,37.0754,93.3985,-36.2926,73.9862,-87.0982,-87.9577,41.3159,95.9429,97.077,-22.6414,-49.7536,-17.9018,53.1398,40.9414,-57.1403,96.4283,-18.9462
98.0194,22.6776,80.4611,-50.602,-11.0439,-79.4537,27.8151,74.7462,-75.4273,-75.6146,49.3718,-32.4354,-30.8845,77.6953,-18.8059,-41.1919,-28.0098,-17.0114,-32.5085,34.0156
-58.6703,-57.8981,43.2596,54.704,58.4796,-62.5977,-5.03529,-22.0512,71.8171,91.5868,45.1528,-32.3355,94.3074,4.71519,4.09614,-46.5074,51.2011,-8.14895,-94.9664,14.3217
20.102,-61.887,86.5032,47.3577,-17.023,-40.1719,-63.9731,-67.7078,-71.6682,-68.6671,18.3202,-33.4173,-66.0572,78.0487,-69.7497,58.6878,13.4321,-58.8754,90.3356,94.72
-90.5376,-95.7956,66.4288,-18.0378,-79.777,-22.9053,40.7757,23.7036,5.92356,87.2744,40.9041,10.277,70.3292,27.4772,89.8205,53.0895,63.6692,62.3147,6.34309,10.7786
-76.8475,66.3501,55.1767,77.8135,-94.3926,32.1416,31.8838,69.3114,6.60849,61.7522,83.0622,66.6152,-29.601,68.9101,45.8227,11.482,9.61014,30.0241,-27.3835,-65.0831
-27.7263,-88.3646,18.7689,13.7395,15.7273,-42.4777,3.31089,26.4309,55.7781,63.9056,-45.4161,18.6981,-30.9349,22.1348,9.66322,-65.1227,-76.008,10.7386,60.5603,24.536
-74.1207,-99.0593,-66.5505,-74.3135,42.3646,-53.5781,-57.5961,25.122,-94.2952,91.1559,93.7726,91.6217,-63.6369,-73.9726,-41.3155,-31.7899,-44.7345,41.1252,-80.3396,79.0991
3.731,-1.71685,-87.4114,-55.9621,-94.5932,-94.4427,6.72429,-3.64752,-3.55947,-62.8842,-38.0605,-79.9757,44.6382,83.691,17.3798,-88.916,-88.6975,99.501,39.3191,46.7235
69.0967,-45.5755,90.3209,87.983,89.1805,65.7442,-14.6093,72.4004,-27.0189,-22.2785,74.8592,-36.1831,-5.88287,15.1679,31.5167,-21.4281,-15.3874,-21.6185,38.6219,-70.2573
-33.2441,-94.8014,78.6179,2.3067,86.5735,-61.4266,-6.65006,-92.4587,33.2662,8.02462,-22.3144,-57.9018,34.8909,36.208,-86.9291,96.2635,-24.1044,37.1708,27.205,81.1296
58.9888,58.845,24.2084,-7.19461,-74.3907,44.2909,43.9407,-7.75359,-14.5776,62.0407,80.0051,-22.079,4.65702,38.3206,-99.0933,85.8158,-88.0111,-90.3425,26.749,-28.0094
-73.8744,-24.3008,-58.6202,95.5018,9.66941,-32.4581,67.7824,6.49905,-78.2928,48.5392,4.90177,78.0568,6.29281,1.58208,-70.3246,70.931,75.4333,52.593,86.0851,-24.6802
23.0052,-2.29859,88.8283,89.932,35.398,57.8773,57.4489,19.7296,-52.4167,-48.6421,88.2866,0.0815023,-53.613,57.2111,-97.7611,82.7175,88.6637,-50.7545,-57.8277,32.3534
98.0109,-89.7586,-88.7656,-50.7774,-73.8327,-35.5943,98.0311,5.02605,-2.04859,13.3998,95.8727,-5.76709,92.2602,77.5291,6.8947,20.4899,96.1223,92.49,93.7995,-7.61107
-38.0297,71.0563,-54.8312,-75.8797,-71.9402,47.9987,35.4333,-23.8517,-22.0296,-93.3465,25.6435,18.7924,21.2906,-45.648,-2.33213,-59.0167,-22.9776,92.1236,-55.8759,92.758
95.2769,10.1757,-77.3368,-84.0777,-44.9474,-41.4261,30.3502,-50.1652,-5.61798,97.6403,-9.91788,62.4384,-41.217,-59.9828,21.0567,24.9563,30.1073,42.2045,46.4744,-70.0335
29.7252,-29.5658,-58.9402,42.5025,-67.6457,-67.5475,-7.66347,-17.1348,-17.1412,-20.5878,-61.0265,-19.1433,14.1195,-98.3821,54.7284,-91.7103,23.7802,-48.6455,76.695,59.6718
-0.0177498,29.1085,46.0928,-98.7019,-32.1792,37.6269,-71.163,56.3798,-11.303,97.8991,-11.0449,-3.33903,-25.1711,53.5059,56.6312,42.0229,59.3051,64.1338,-48.7107,-47.8497
42.116,35.2298,89.9047,-13.8785,70.8577,-43.4271,74.1424,-85.4399,-84.1489,36.15,60.643,6.37503,-29.5963,70.0113,-9.01275,66.3372,-33.8798,66.4191,42.8348,-54.6881
-20.5853,14.5006,29.0315,12.8058,11.9684,18.4025,62.3701,-52.5968,31.7777,90.4268,87.6396,9.7688,-63.7963,-72.6973,-54.8705,76.7389,-38.7515,-29.3617,31.2342,45.1875
-25.1689,84.22,69.2242,34.6052,84.4802,82.8021,79.1997,-30.4134,-15.1567,-57.5905,6.48159,-33.5011,-87.4211,-66.8055,-22.6913,23.5137,-34.6122,74.9602,65.0333,53.2855
-66.1304,55.4137,34.0068,-40.1591,-67.5022,15.0598,-61.3705,-1.41767,-27.0021,-94.984,-93.5091,-36.393,-10.898,1.44445,31.2122,-36.42,-34.4771,77.6497,53.3847,-52.6382
-8.83613,-84.5428,-1.68444,-6.50625,-7.48471,32.1774,-96.3131,84.2869,91.5768,14.6092,7.9935,26.4643,-59.6488,-98.4858,-39.7125,-29.9822,-76.6635,5.2681,53.6202,93.558
-31.8602,-81.7364,37.1906,33.7276,-89.7387,-12.4998,-67.1168,-2.04311,34.3273,37.8053,-5.01442,-82.5788,-6.89482,66.128,-48.3095,46.1533,50.6813,25.511,24.6392,-8.57429
0,0,0,0,0,0,0,0,0,0,0,0,0,0,0,0,0,0,0,0
0.445439,2.44741,2.157,1.93466,1.80059,0.724562,1.86903,1.67553,1.3198,0.424826,1.4868,1.87227,1.18509,0.39371,1.59908,1.28527,2.77738,2.91489,2.08624,2.8364
2.5138,1.3432,1.80476,1.11688,0.572051,2.32784,2.23721,2.59917,0.945188,0.634644,0.537137,2.48009,0.784229,0.570356,1.03308,0.423513,0.183874,0.439063,2.65924,2.05542
2.18026,0.229137,0.249725,0.175723,1.08177,2.23964,2.90204,1.95953,0.776378,0.611709,0.569938,2.10969,2.67034,1.39265,1.25248,0.568589,0.275294,1.51838,0.524594,1.64857
1.68169,1.96112,0.140399,1.89085,2.06135,1.38654,2.37514,2.57642,0.0559319,1.61839,1.1307,2.09409,2.25666,0.450122,2.18512,0.784318,1.62884,2.82901,2.54655,2.17119
2.10717,1.44,1.47535,1.35631,1.35671,1.40643,1.87423,2.84391,0.323798,1.54541,0.726544,2.8284,2.90824,1.75469,0.455933,1.84569,0.0118914,1.85816,0.744402,2.39613
2.37617,2.08297,2.49161,1.98216,1.50756,1.73364,0.542752,0.939866,1.96039,0.303731,1.82952,1.43708,2.51539,1.18946,0.000513318,1.41699,2.47607,1.37844,0.418483,2.08182
1.71183,1.83623,2.24739,0.628956,0.523946,0.86001,1.16089,0.970491,0.790607,1.88385,2.51916,1.80833,0.730401,2.501,1.51748,0.949506,0.927077,0.404578,0.284463,0.789397
2.30434,0.62129,1.30417,1.68545,2.23803,1.81448,1.80795,0.500053,1.33047,2.48973,0.619397,1.33952,0.675615,1.54433,0.78561,1.39764,0.548276,1.08134,0.706345,1.48039
2.08329,2.69877,2.96027,1.93283,2.81864,1.48929,1.43071,0.952375,1.87163,1.92339,1.75083,1.04366,1.04744,1.05752,1.89505,0.343366,1.53489,2.76957,0.351096,1.56379
0.45289,2.28557,0.509358,0.66543,0.150006,1.62277,2.23673,0.273079,0.685681,0.74022,0.940953,1.42986,1.51911,0.621106,1.18249,1.82496,0.705297,1.81744,1.13015,1.67732
1.79256,0.505625,1.14297,2.12052,1.73227,0.402753,0.505936,1.93636,1.66302,1.28533,0.855578,1.66449,1.38632,2.29838,1.21691,1.49375,2.66389,0.682944,1.39195,1.52685
2.03793,1.79385,2.64099,1.34943,2.2447,0.0866317,1.57228,0.799436,0.521801,1.83361,0.638702,0.733333,0.571031,0.299034,2.08218,1.90459,0.822894,0.470849,1.80417,1.3044
0.596076,0.92296,1.31383,1.4013,2.68635,0.0727586,1.5026,1.74308,0.660132,1.33606,1.60385,1.1091,1.58567,1.76541,0.992132,1.69359,2.26895,0.167552,1.89704,2.35464
0.315777,1.72691,0.386937,0.492434,2.67368,0.915541,1.1532,0.482668,1.96184,0.629601,1.17145,2.64567,0.366986,1.95852,1.92384,1.63442,1.95299,1.62915,2.51202,1.87184
2.49338,2.39574,1.33102,2.56137,2.5151,2.35645,1.4718,1.3133,0.829323,1.21144,2.68224,2.70063,1.19541,1.8638,0.471582,0.532221,0.7258,0.174041,1.52374,1.67087
1.99152,0.873845,1.06115,0.08005,2.28846,1.60946,2.07151,1.38013,1.65391,2.58512,2.00301,0.642808,2.80933,0.509308,2.49432,2.63213,2.03315,1.5962,0.0366289,2.74739
2.11116,2.06706,0.925192,2.62685,1.72614,2.91424,0.687993,0.54622,1.27273,0.643817,0.326713,2.61975,0.885137,0.67702,1.22228,0.999967,1.34668,1.87869,2.56527,1.18595
2.00553,0.256043,2.26497,1.20615,0.585656,0.463648,2.95417,2.71889,1.30627,1.54107,1.55032,0.120103,2.83941,1.1169,0.851286,0.198803,1.87008,1.88385,1.35598,1.28848
0.264804,2.24024,0.793761,1.10914,2.46015,0.0634711,1.81142,2.40361,0.754991,1.86143,1.76669,0.110566,0.341837,0.546562,0.0888266,2.01977,1.60108,0.988626,0.349109,2.77937
1.80047,1.56388,1.34893,0.669868,2.07666,2.63899,1.67927,2.25366,1.49343,0.996899,1.86616,1.5482,2.05873,2.35036,0.418804,1.25545,0.297167,2.63216,1.53632,0.928689
1.60685,1.42745,2.34593,2.48646,1.33569,1.99371,2.51834,0.840475,1.87618,0.787033,1.95141,2.74335,0.56003,1.72511,1.34701,2.78025,2.53676,2.50313,1.56127,0.403674
1.13107,1.64756,1.33337,2.2353,2.23688,2.68069,1.71246,2.73981,0.810433,1.45072,1.12553,1.01386,2.22973,1.84028,0.296021,2.54614,1.21864,1.22778,0.340161,2.04556
1.39406,2.42175,2.24899,1.04403,2.23771,1.51961,0.26624,2.6224,1.29737,2.48603,2.10183,2.13151,0.62916,0.180588,2.14048,1.93105,1.2472,1.37174,2.04878,0.783837
1.62348,1.56274,0.18537,0.739535,0.8087,0.927641,1.50227,1.03934,1.57076,2.58997,1.13569,0.901402,0.778723,0.255799,1.78224,0.382916,1.7214,1.86798,0.89777,0.688883
2.96195,2.63056,2.18056,1.8756,1.89897,0.915336,1.76573,2.06985,2.21792,2.30878,1.80008,0.0691444,0.469629,0.402449,2.64533,0.871369,2.79349,0.810106,0.309705,0.098789
1.34684,1.54016,2.05553,2.09114,2.64637,1.55978,0.210051,1.73138,2.43538,0.573722,1.13183,0.537034,0.000552223,1.1844,1.97663,1.26254,2.12773,1.00093,2.78692,2.65942
2.28828,2.32007,0.073854,1.03405,2.21281,0.322927,2.00188,1.14439,1.00785,0.898241,0.354599,1.46498,2.0325,0.0735418,0.408643,1.88013,0.944406,0.517203,0.814954,2.11272
1.92981,1.43892,1.30066,1.55941,2.15908,0.0859568,2.06558,2.5255,1.37265,1.14212,0.987753,1.13055,2.53538,1.55036,2.66254,1.37747,1.74308,2.26856,0.955892,1.88996
1.19697,2.0858,0.521727,2.56825,2.14297,2.04055,2.54828,1.94846,2.70253,0.743581,0.577272,0.593843,0.261902,0.770297,1.91451,1.47351,0.124421,2.5612,1.78113,2.16962
1.94899,1.74491,1.60833,1.90071,2.02793,0.342795,1.39992,1.31706,2.08655,0.0102451,0.277879,1.57843,1.96317,0.892503,0.991428,1.53902,2.7727,2.61383,2.2811,1.10616
0,0,0,0,0,0,0,0,0,0,0,0,0,0,0,0,0,0,0,0
7.83695,-29.8241,-7.19644,-2.76418,12.365,1.83522,-5.85692,-1.98711,-29.2395,20.7268,-24.9533,-14.874,-15.8536,23.896,-9.93124,20.2659,6.79857,-13.0332,-1.18579,-12.313
-9.61064,18.6972,-27.1802,20.9883,-21.6602,-3.74316,12.2343,-25.2737,24.746,17.5841,15.4977,-11.6942,-23.2467,13.7783,25.9303,5.4639,-8.04906,-26.7694,-26.175,10.521
11.4165,24.9702,21.4737,-27.2133,-21.4726,-16.211,-16.2252,-13.5654,-14.1436,-28.1466,-25.2077,-3.67127,17.5373,4.36926,17.2011,-6.27882,-25.0483,-12.398,10.4479,-18.1846
23.3132,19.3239,-15.2685,-8.61616,-27.6443,24.2798,-25.4245,26.9959,-13.6386,-9.84802,11.8048,21.4532,26.5743,-18.5458,-12.6441,-3.32317,-11.2075,-9.23551,4.6686,26.9743
-18.4249,14.6479,-6.86316,21.3885,24.3965,20.6447,-12.0196,-28.7942,-21.7076,-9.48052,27.7349,-14.606,-1.26295,-22.8056,7.96059,18.4258,-11.5348,12.7995,-2.59939,-27.608
-3.45561,-25.5286,20.9385,16.4073,22.9895,-17.0792,0.999679,27.1971,9.34977,-6.07358,13.7149,1.24701,5.90236,-9.74317,14.5307,11.7695,-6.91136,11.6111,5.73741,-16.7218
-23.066,-6.54767,9.76278,15.0628,9.64904,13.1416,11.1472,-13.4369,-11.8636,-26.8714,-25.3688,-16.9995,-21.3218,29.291,24.3106,3.34175,12.9058,14.1406,-19.6163,21.703
21.7323,-29.1457,-19.3077,19.3756,0.691489,-20.8829,-3.47725,21.7362,10.9108,12.343,8.55817,-27.5402,-5.64089,16.9179,6.2217,17.1414,24.7747,-7.87775,18.5984,-8.9158
-21.2722,-4.79054,-24.6862,29.5836,-14.9466,8.8902,8.26309,-18.5744,-8.95682,22.2492,10.3414,21.3666,-7.73324,-4.32882,24.7215,19.3685,1.4039,-29.3161,-1.71698,-6.27547
20.1059,-25.4876,28.6822,-26.7219,11.9649,5.28477,-18.3978,-17.1032,-22.0526,2.77388,-26.6142,-13.4694,-29.0585,-14.1959,10.3439,-28.523,-26.8053,-22.722,20.271,-23.2916
-14.0532,-8.52482,-7.53891,-27.3387,16.0645,12.4411,-11.1333,-15.0376,17.708,-14.1567,8.52404,17.1356,-18.2093,15.6834,3.76765,-19.2831,-14.8579,4.25385,7.68836,-1.72746
19.181,14.6973,-12.5218,-6.35141,-19.5242,1.85337,-0.916546,2.11439,-13.9571,7.2817,-25.0462,-15.9407,-22.7817,-20.423,28.9008,13.8501,12.1116,25.5588,25.0795,22.4813
-13.9548,-23.9269,6.5776,-14.5403,-16.5132,6.91471,-14.1909,-3.37231,-10.1292,-16.3889,29.6722,-20.5216,-13.8814,14.4461,29.3864,27.5607,18.2226,-16.4149,-8.45728,25.2571
-8.66395,4.66558,-16.0942,-16.8962,-27.4174,24.6736,21.5442,1.52079,20.7752,-8.29028,-13.0733,29.4918,-21.9071,-13.4085,-20.5281,7.00462,22.5511,17.8792,18.465,6.60294
-2.669,23.139,-7.46679,-2.34845,25.8884,8.52532,-0.636172,-29.766,-16.6642,11.5703,24.0968,-23.8064,9.15164,-20.8482,-28.4599,-21.3384,20.1052,-4.61677,-16.1213,-15.6914
26.6243,-14.4713,-27.9981,-27.214,5.57235,7.75237,-4.14483,-6.59432,-4.00275,18.938,17.3097,-4.1739,17.6944,-20.2477,18.5588,-4.58581,-19.1382,-18.5679,25.0167,19.4701
3.23286,-29.3004,-7.74665,13.4386,15.392,0.170158,17.7214,-27.0006,26.0688,20.1319,13.5277,-23.4739,25.5606,-24.8796,0.752931,-23.3539,-17.6095,-12.1956,-15.3649,15.6625
-18.3924,6.92683,-13.3117,26.031,-18.5517,28.3623,14.9656,19.8044,-2.1533,-22.8541,-0.693803,8.28924,18.16,-23.1647,9.15218,23.3715,-2.37217,-22.0721,-11.1722,-18.5775
-28.5037,1.41114,29.2198,-29.4866,-8.73355,23.1625,-6.98324,-25.1136,2.04618,28.3939,-23.9986,21.8351,-21.7931,20.5316,13.6761,-27.6438,3.98432,-26.1362,21.1639,-0.235494
-21.7735,19.3379,27.2331,-7.79168,1.34175,21.3933,-18.2612,5.58533,4.19933,27.2097,-24.1688,-4.89117,16.9152,-13.9185,14.1196,-3.30939,26.7676,8.71704,-12.893,-28.7479
-2.04906,10.6682,-6.91623,20.7417,22.7575,9.52111,-17.192,13.2741,15.6179,-4.54457,-0.564128,28.1758,12.5087,20.3729,2.74557,10.1646,17.3651,16.7282,-25.9615,-26.114
-9.85316,-8.72797,-24.1835,14.2801,-13.6796,-8.92324,8.93224,3.35028,-23.242,-1.95824,-23.1517,3.59855,-25.2173,-22.988,21.0761,-20.0708,-5.20641,9.99979,-14.0313,24.788
-5.01219,18.8875,-23.8146,-28.2108,24.198,23.6102,-19.7954,-18.1074,15.4146,27.988,10.5254,15.1524,-9.26306,-23.4294,2.01592,6.87034,-3.38471,-7.33134,21.1435,-22.8084
1.68214,-27.0885,15.7824,4.51523,26.6714,24.6861,-9.02554,-17.5453,-2.74615,21.1063,18.5347,12.6936,9.2569,-17.2769,-11.0074,-27.6685,13.9683,10.1069,-29.4844,-9.00876
21.9549,7.70533,14.5853,-10.5107,-27.7866,-21.7718,24.3255,-14.938,-6.43673,5.69017,16.242,27.9663,15.3433,-27.2364,16.3913,-25.4294,13.9514,6.86622,15.9245,-14.6483
4.33658,15.1338,13.106,-26.378,15.1228,-13.3915,-20.6576,10.845,14.0615,-20.4948,-20.8644,-26.263,25.8643,1.6813,22.6173,26.5606,-14.7249,27.3985,6.89286,-28.1549
4.28292,-5.449,26.597,-28.2249,22.6807,16.4125,6.2769,-24.8313,17.6059,-19.8248,-20.9977,13.0373,21.0623,-28.3166,-9.84646,-1.85377,22.2361,-24.9508,-16.7431,3.90241
27.906,4.52649,-15.2936,-1.32756,24.457,12.1143,8.20798,-23.5232,-23.3662,13.5836,-27.2737,2.97586,-10.9821,-27.4697,23.3725,-20.0494,28.48,6.39873,22.6016,17.8308
-8.29587,-24.2721,16.3051,25.9504,3.5062,4.81826,-26.0833,10.8301,-23.4579,20.5611,8.89676,-9.8147,-23.6445,-2.04309,-24.5341,-21.8317,-27.0482,18.0253,12.0995,24.2902
5.26826,-6.84484,-13.2773,-1.68449,18.1971,12.1969,-24.755,-7.10205,-26.3002,-23.3718,23.6949,25.9893,-18.7937,-9.26387,8.47627,-12.3172,-5.90409,8.51323,12.2102,-9.53063
0,0,0,0,0,0,0,0,0,0,0,0,0,0,0,0,0,0,0,0
-40.6915,-25.5806,-27.8694,-51.9231,44.0558,-37.4905,63.2083,87.8597,-35.9892,-23.0075,12.0568,41.2597,-28.2858,-35.1103,32.0066,-55.2308,-40.9965,-71.2517,-6.19666,-53.207
-55.5493,-63.8779,-30.4581,-88.0874,38.5287,78.9274,-44.8848,27.7593,34.5329,74.949,64.102,-29.4635,-51.9122,2.53057,35.3912,-46.272,56.1747,-78.7673,-36.5159,43.4248
-31.334,4.09183,-49.7477,13.5466,65.4517,-23.6011,-36.0188,-0.621562,31.7591,44.7081,-16.8722,-76.3435,24.9422,-5.97734,-65.7243,30.9946,8.24478,-41.7128,-25.3792,68.3284
-74.4227,41.1064,69.4146,-91.7835,57.026,29.3516,86.0948,82.0594,-11.7339,-38.7864,-17.4971,45.6506,12.9606,12.1193,68.0397,-9.5941,-13.3893,-36.1436,-41.9971,29.3359
-71.8374,89.1589,-44.7692,-65.3768,47.791,-62.6584,62.834,-98.2947,-20.1458,-38.2139,-73.0859,-32.3268,61.5111,32.1222,5.43826,-70.2992,18.3543,29.7135,-43.3432,51.0667
-3.54995,43.6532,-28.934,52.3174,99.5502,-84.4903,3.71548,-8.2693,12.3172,53.6422,19.9025,31.8519,-6.69097,-52.7548,-22.9515,49.5651,-47.4008,17.9572,-41.4394,40.2128
-69.1143,-0.703095,-9.47156,-65.2974,28.189,-28.6149,2.97997,37.0798,36.5887,68.105,74.642,2.87735,-81.2723,52.3952,-23.8843,-30.549,-35.9094,-35.5075,30.6579,61.1539
-81.6245,-94.1937,92.612,-11.5092,1.61091,17.2735,-0.468081,40.8578,-33.1823,53.6875,-45.5072,41.5745,43.6002,-71.078,-68.822,-31.0723,-7.7071,38.0599,-62.4114,29.1202
15.3438,-75.9668,-62.8365,-65.3576,-59.2439,-25.4046,49.5126,-26.2539,89.4852,53.2174,45.6566,-69.2349,51.7572,57.6495,48.0823,-52.886,-39.8808,25.4719,8.51833,-37.3939
-34.6222,-13.9665,17.873,36.8647,80.887,-0.473238,34.6453,-19.7186,63.092,42.4833,1.0894,42.2806,9.14185,-6.67471,20.6254,56.7834,-44.6204,-0.55467,-30.3477,-59.7632
-5.9429,-48.301,98.7081,89.5884,20.0653,-5.94231,77.9387,-40.3608,-18.8943,-41.5735,-0.213723,-35.5464,-17.5538,6.74091,-69.7692,-35.9422,32.0849,43.1597,-68.0037,2.56114
-24.0104,-91.4764,-98.2986,-42.4482,68.1996,-92.6352,29.9154,26.9388,-20.9238,59.1611,-15.3379,33.7392,45.9044,37.4038,-69.2785,49.1748,44.498,15.7442,26.3095,-51.4053
5.81598,-2.76744,72.0244,-29.0493,12.4444,-57.8083,-72.741,-73.5202,93.2099,-70.2429,-32.8544,-2.17575,46.7445,21.5184,-14.5888,36.9578,32.3367,38.3833,-64.0274,0.616151
-61.8332,79.1253,-99.2499,26.0121,-18.4725,-23.522,-6.18963,-76.1436,49.6309,-57.3124,24.9325,7.35767,-40.8064,-21.5414,57.5823,-74.2805,-50.455,-48.7834,40.4799,-2.5802
-58.147,-84.0573,-76.1087,-77.2199,43.3032,-96.2557,53.579,-42.6761,35.1572,-0.0196202,-46.3717,20.6177,58.1676,-11.1019,-49.4789,27.7555,-15.5494,57.5207,21.4506,45.4115
25.0972,79.8992,-71.7146,-75.3596,24.306,3.05065,7.95468,-35.8004,-29.5731,15.4665,54.4225,-96.0341,21.9621,-12.6834,-40.6616,-41.1813,-31.9774,-47.212,-64.6446,-30.9734
63.3688,87.0743,37.793,-36.9503,66.1975,-25.9026,46.9144,7.59453,-59.6964,-30.4615,-43.917,15.0491,3.05856,-60.9977,-60.2324,36.869,-9.23866,-58.2136,81.0681,70.2515
75.6775,69.8225,-12.1275,88.8041,29.1956,65.8273,-62.8499,-19.7839,9.66426,61.2821,-30.3517,-15.5622,72.5164,-13.581,-32.5379,-28.8575,-63.8599,-20.101,-26.8706,-57.7803
83.5904,61.1659,-25.4357,43.7885,43.1332,-22.6238,73.7112,-39.3452,-48.2582,-11.4462,-37.7862,29.6762,64.0768,49.8624,-58.83,75.8635,-40.7778,4.60478,-4.2273,-11.0632
78.5966,-15.5824,85.932,-71.5602,-40.1126,7.74469,-29.6266,68.3787,17.9745,1.59715,14.1748,62.6257,10.3513,22.1378,26.7333,-1.47603,-11.6191,70.1656,-23.3646,-50.1363
38.0522,-5.60885,-70.5853,8.65573,13.1871,39.627,97.2737,40.8275,-59.0237,44.4437,-87.1888,3.27235,-32.992,-11.3586,-38.7616,54.315,31.5267,48.369,37.5629,50.6561
96.2418,3.70183,-20.9996,-41.2387,87.3594,-2.77012,-50.6479,17.7571,66.5285,-62.7206,-36.2253,5.26936,29.8356,16.7378,-52.0196,77.2225,38.0947,43.2998,-51.1288,-49.466
-60.9063,75.1441,22.8644,-22.4238,12.9726,67.9076,-70.1161,28.7591,64.7366,48.5779,-36.1494,-52.4785,35.6097,18.3216,-72.5109,0.374625,-22.1715,-1.10705,-22.1043,34.4045
-68.6087,-35.9312,-25.4272,-2.08465,-6.65824,46.1601,24.8332,-96.8444,93.2779,-16.0552,-20.4566,59.7926,-5.3424,13.2649,-50.1846,61.5774,-7.90105,-8.8812,23.5556,-42.751
-56.6811,1.20962,-75.1556,-21.945,25.0127,20.4112,34.5145,-34.8114,-37.8236,-21.2832,-65.4189,-39.5334,26.3831,16.6858,-38.7175,60.218,27.9504,-76.8659,34.4041,-18.9002
29.52,66.3733,44.9802,97.4686,7.92768,-30.5867,-70.078,74.1763,-42.042,76.0305,-61.1037,-55.5261,58.8309,-1.06405,-22.6858,-6.30182,24.2728,-60.175,-32.24,5.82293
66.3246,-22.0831,13.7335,42.4651,78.5105,-6.75195,-6.62543,-65.9333,37.2558,-41.1068,50.1803,75.1612,62.8143,98.0489,34.8183,47.4503,31.4452,40.3158,37.8619,5.50848
61.4722,80.3738,16.0415,8.09547,-77.3222,23.0603,-51.4891,-97.7851,-21.7644,-48.2475,32.7155,-46.6254,-14.9554,-27.2617,67.0937,50.4153,-10.7433,-40.0031,-64.8732,15.6438
-67.3563,70.2379,-34.1477,-33.735,70.8329,-30.8992,95.2665,44.0181,28.1852,-46.8952,-16.2659,44.6122,-54.7345,51.2314,-63.39,-61.0896,50.8318,58.9151,-52.0486,51.038
30.1892,-69.1369,63.8239,-37.9929,29.7707,-34.122,-72.5267,60.2469,60.3009,-61.6107,60.5975,-37.1959,19.5181,50.8512,-37.8352,-37.1472,22.5873,-32.2223,1.79103,26.423
0,0,0,0,0,0,0,0,0,0,0,0,0,0,0,0,0,0,0,0
71.3972,10.2582,12.8612,76.611,39.1415,31.6096,50.2245,4.2721,30.2023,25.4679,2.36676,16.0067,13.1684,7.38727,35.5972,36.9407,87.8546,31.8259,14.6016,-0.854444
91.2148,22.5248,76.856,-6.46811,4.88661,64.4338,21.4616,72.4746,0.425611,48.0586,29.8019,14.7079,91.6306,56.5138,-8.23946,35.2464,36.7483,4.97057,24.0397,36.1411
79.9486,-7.14894,35.8152,24.3842,86.6934,31.695,30.1539,39.9549,10.2623,64.1996,24.7293,9.05278,85.663,30.4858,91.585,2.98678,51.675,22.7222,32.3368,60.9218
99.0565,-4.13014,22.6163,22.7542,24.4549,2.07973,26.0352,83.1628,3.64417,28.3066,1.675,20.3047,-7.60093,3.02601,15.7263,8.40153,-4.02332,53.4274,47.0095,25.9461
-8.61724,53.6887,95.1932,47.9311,53.3962,14.1972,54.6725,35.8802,55.4775,11.6868,86.4556,1.09349,17.7067,13.5996,-0.138524,23.4885,17.2487,51.4537,68.4055,25.5966
14.768,9.98288,33.838,3.55809,50.5044,28.8707,5.99869,13.3237,95.6345,0.472389,74.4891,32.2511,86.9719,87.5674,-3.83432,31.6734,43.0881,51.148,2.91361,23.5694
39.4947,1.35645,17.7364,32.8562,72.268,81.2239,-3.95333,0.318926,10.0868,1.53774,80.2905,5.68376,75.3262,-4.67297,46.3518,51.9739,13.3134,45.7805,18.8356,12.91
23.5779,-8.00257,60.5781,24.3015,21.116,72.373,13.3919,15.3525,69.0117,5.9501,33.1133,79.1394,20.8518,2.05038,27.6484,7.87533,59.4243,68.0769,41.119,1.66329
59.7181,22.1155,26.8154,13.389,25.0815,-6.67862,39.6714,92.4785,12.2315,5.49583,60.2486,51.8693,-7.90595,14.448,-0.418592,92.5664,8.40444,41.7198,39.5226,12.9878
41.283,84.2263,83.2646,33.031,4.50665,91.872,9.54101,55.592,1.51014,19.7102,53.7161,91.5198,-7.70066,50.5859,12.7922,41.2032,46.6163,35.3989,19.5014,-4.42705
4.05912,19.6012,40.7453,83.9515,76.2841,3.40526,48.8195,67.7302,40.7647,71.6243,24.2358,88.1216,16.8546,32.0144,34.9962,-2.27503,27.0556,27.961,53.935,6.2967
41.3317,39.9978,64.1143,18.1818,31.4728,33.9802,95.7727,31.446,2.61195,65.9813,-1.27319,99.7445,5.87747,91.6722,-2.31933,60.5583,36.1935,-5.36639,9.11041,62.9452
8.52196,5.26212,56.2656,-0.28919,29.7157,39.4337,41.6507,52.2345,38.4791,36.0813,31.7609,-8.57145,20.0487,86.7897,2.45979,-1.62953,94.7387,7.8335,-2.69133,-9.26025
35.3198,13.1496,71.5988,71.0894,59.1962,8.15906,-2.30062,51.7144,24.0714,49.5624,29.4892,4.14412,29.817,14.2782,-9.7897,83.3042,26.0272,78.7057,49.7094,24.8466
14.8606,-4.90876,1.98062,-0.832917,29.402,-8.82789,71.8893,10.9862,35.8896,88.7444,25.9099,69.2448,92.2655,-3.11915,27.7062,16.1447,80.2914,12.4438,43.2739,27.0078
32.3874,-4.45363,50.5319,84.2561,83.8634,67.0143,30.7979,26.5832,75.4704,32.6972,-5.54933,2.11428,35.0118,69.5514,-3.47134,39.0198,68.7249,20.0778,26.7222,-7.5423
12.3116,54.3566,57.162,3.44047,4.08707,19.3458,0.492176,3.87233,59.5032,47.0761,83.3936,53.793,24.6116,2.88007,40.3355,8.59563,-6.78509,75.5523,52.6752,1.56989
44.1449,58.8016,7.33543,36.3758,55.0009,-3.61136,34.0172,25.6619,94.5727,0.4777,-3.65388,59.0822,11.5329,41.6403,60.13,48.1502,5.62751,19.6731,31.9461,6.06849
99.8952,7.24198,17.5066,18.4558,2.30375,88.2679,27.9175,1.16297,0.764358,0.227686,14.9782,5.02773,43.6173,28.8657,-4.44224,28.0396,-3.54314,79.7927,35.7589,16.8584
33.9265,12.8762,42.8519,2.83035,36.7651,28.0279,72.4368,36.3414,12.3886,22.5069,13.3575,60.1446,56.5822,12.6879,7.23837,-6.83096,-6.82145,55.9813,42.3603,37.6775
54.9775,-6.68381,16.5911,60.6962,43.8324,20.7021,43.5129,13.6518,76.294,6.30768,26.6358,73.6057,6.22452,81.2234,48.3453,4.18119,56.3463,91.9978,13.7145,29.7983
73.2191,24.9304,14.1694,6.58713,40.8774,2.84458,55.2048,23.2748,36.2105,60.0947,7.22872,72.1668,18.8192,15.2121,23.2081,43.471,30.183,65.3384,27.9509,-2.46173
31.3164,51.7876,64.8119,29.8364,4.62674,75.2874,56.1886,17.7908,71.088,-1.23953,48.167,3.5803,34.369,-2.85441,-5.3496,80.672,17.7509,79.2416,-5.89958,-7.56008
60.2706,38.9281,91.1818,2.47785,52.0961,80.5314,-7.58743,84.1432,38.0858,28.3794,82.856,67.9615,-1.69484,59.0761,99.0036,1.08913,26.9791,19.6959,22.5635,28.4001
99.4757,34.6791,-6.95851,51.439,39.8829,91.352,32.4412,33.1149,72.2242,54.8529,49.1467,-3.10516,10.5404,39.8839,4.06505,52.9886,0.898545,21.0328,-3.61558,42.7404
41.3141,-3.95691,53.1997,17.1769,34.4847,15.9382,-1.33331,48.3933,95.994,19.8027,33.0812,51.5573,95.7199,98.9084,99.5611,42.5482,21.8292,36.4982,43.1915,-4.69292
38.9029,-6.49565,95.7186,31.4499,50.9944,4.89073,79.9189,30.4711,-7.10815,8.61127,44.4324,16.2118,43.8135,30.2242,70.3387,91.4973,49.5796,1.66416,99.7917,7.62784
58.0945,13.3945,5.31155,-2.05504,54.882,73.5202,70.3208,29.4448,-5.93525,10.1056,50.1976,84.4191,33.9041,2.53764,95.5731,20.5512,18.8506,35.3721,-1.02927,0.234024
26.7911,26.6127,64.7836,58.3336,75.9128,17.9965,23.3381,11.1828,67.8431,46.4738,21.2141,13.98,84.7182,3.24286,63.305,42.268,25.7237,43.6188,54.0909,32.6534
49.9145,90.9225,75.6843,16.7104,34.5386,34.6117,13.8485,-7.55733,-8.89537,7.08408,54.9686,25.8139,27.543,35.8018,9.62375,42.8046,15.6832,-6.44184,3.34505,60.6164
0,0,0,0,0,0,0,0,0,0,0,0,0,0,0,0,0,0,0,0
33.1297,-6.57895,-23.0036,-22.8994,52.2446,-43.7722,61.7506,-23.3145,33.5869,-6.59484,7.10009,-17.8154,33.3145,-45.9648,0.509321,-9.77818,-60.1447,-11.457,-40.8622,-5.84172
25.4724,-29.7814,-46.9183,-78.3168,-3.40013,61.9108,38.3472,-16.5887,0.695103,48.4338,-31.5523,62.5959,-22.0167,-27.4868,45.7343,12.218,-60.7809,55.9519,-16.6922,0.0439491
-43.009,51.5287,-67.3959,19.5028,18.4597,42.5271,-26.2152,95.1249,16.0954,42.0773,53.5867,67.1601,16.6067,90.0129,18.4726,32.6101,-67.5382,19.5388,-39.5198,-49.3531
-26.1951,-54.1115,-33.959,42.5005,8.07043,-73.9864,45.7961,-4.64478,-47.5218,-33.1826,79.9734,-54.572,21.807,53.3426,-60.1521,45.9015,75.4296,8.75759,1.79627,88.095
47.9388,-28.2719,13.4491,5.79568,24.7787,27.7537,11.3347,27.1324,-75.8976,-87.16,92.9383,1.66677,-1.73257,-9.37171,-21.2044,-36.7246,-27.9536,71.7023,-43.0378,83.3991
-51.821,45.5756,-17.0234,-23.394,12.8959,24.9937,-34.4236,-29.8489,26.1822,30.8457,20.1837,5.27435,-32.8008,-68.6769,25.2128,-54.095,-51.7203,-7.36746,89.1716,19.2665
9.93499,67.3186,28.8056,-45.6866,10.415,-70.6095,10.8879,-53.4541,85.9403,46.5289,-49.0652,-94.5109,-4.87678,-48.3431,-4.0551,-4.87956,-88.1221,-1.32425,-37.379,-20.1874
16.2512,9.21208,-8.2118,25.3589,12.2027,36.926,19.8005,-35.6407,-54.3393,87.8639,-47.4195,50.7087,91.7474,1.52116,23.6397,-44.7496,11.397,-3.04696,-86.0531,63.1666
81.7331,-40.9899,62.4693,51.3659,33.3881,-44.4781,-55.0049,-47.1549,-0.0143305,-24.0519,-20.8616,28.4892,37.4028,-16.1577,3.19559,6.8684,-25.2339,24.4024,88.3495,24.1726
36.6094,20.5149,66.8273,44.5138,23.8794,61.9634,-16.1231,-48.4726,28.7174,24.4855,-33.0751,-57.5249,-21.7193,5.87657,-18.071,69.8617,-36.0557,-76.7752,-24.5609,24.1581
10.3249,-98.3712,-42.0595,21.3587,6.08843,39.2736,82.2908,2.12286,21.6485,-11.2463,49.3883,1.75808,3.73487,-22.4254,74.3693,64.5158,22.3215,28.91,-67.9239,-62.2177
-0.091013,51.6433,31.9218,20.2317,98.1893,57.9558,34.1743,-16.3232,-21.6338,25.6171,-51.3899,67.3851,-48.2906,15.6965,49.5154,-58.6956,35.5386,15.86,22.2534,-85.3202
70.5369,-57.7169,-24.4203,18.0821,39.584,85.7964,51.3999,90.16,-14.8313,-57.3717,51.5509,1.0831,43.2038,79.9647,-31.2597,34.406,19.0348,-13.9907,19.1705,33.7359
41.6375,-38.0005,-0.892283,-64.0009,90.8298,25.8331,-37.6316,-4.3894,-4.71396,-40.156,23.4158,-60.2655,41.8341,99.2741,28.4274,-48.1745,9.49355,77.5802,35.1906,83.1518
-42.9336,50.3222,-25.8893,-20.2888,6.54105,5.03499,-49.8963,-29.8778,92.7616,58.7199,0.848887,6.11083,18.9798,-12.1234,-19.1519,41.5182,69.25,2.87429,-25.5982,-83.2996
-8.9412,-36.6243,-22.3203,-91.3071,-33.5877,-95.255,-9.18995,11.8872,-41.3969,-14.7725,26.8397,-48.768,17.5915,58.1703,49.0568,38.8944,87.3632,-4.54652,31.5573,99.799
-29.5254,74.208,59.9447,-17.9312,14.4347,-54.9946,68.2124,-37.3289,45.4138,-54.9655,-54.7862,2.3474,-17.8245,-45.5467,-21.2764,-45.3661,-23.745,-30.4187,-77.823,65.8627
22.9217,50.5285,-16.7902,-64.9629,-26.3652,-70.6595,-83.2121,50.6031,-3.55006,-88.2049,32.3957,-6.38194,24.3844,84.3346,4.07218,20.254,-63.7783,-9.18883,-28.7994,-63.8757
-45.7683,30.7923,15.6063,-62.1865,19.4028,-47.8909,2.47001,21.1993,-26.4058,-14.5742,-55.0079,-12.1292,61.4355,-40.9973,67.1011,-61.0558,-34.7424,7.60158,-64.3724,-18.9748
20.356,80.4512,27.5031,-65.0148,-29.3027,-6.9308,17.9462,64.3576,18.0512,-52.6146,29.5319,-5.43621,33.7349,40.4338,-66.7546,-35.9094,71.5986,50.9053,-30.9176,-67.7259
62.3266,55.9577,9.19464,61.0795,-9.55265,-56.7248,7.28106,78.2846,41.1686,14.7638,43.4876,-62.4663,-22.1919,51.9123,19.1503,-10.4445,-24.6989,-40.3967,-59.9549,-92.6681
30.0927,19.5635,5.52972,-13.6064,-50.2058,-80.7798,-11.3897,-0.270597,47.0247,-50.5626,-22.3556,69.4241,7.059,45.4818,36.1627,-73.1594,31.5641,-56.5446,-60.4762,-32.8051
-1.573,-1.80873,24.0964,7.23123,-10.7588,54.5723,98.6385,-19.1596,-44.5534,9.74091,-46.2276,7.69637,34.494,-20.3147,5.76967,-93.3476,23.0795,-63.8663,19.996,30.0153
-39.13,62.5856,5.27711,-7.33266,5.97387,39.9983,-11.6198,-14.1421,67.5203,-13.4638,-36.268,-81.5154,-61.9055,-37.8463,-36.6695,-24.1737,-71.8581,29.6639,62.4014,71.2078
53.2873,31.3202,34.3501,39.5319,50.1847,82.4643,61.3405,-65.9025,-9.09352,32.6616,-88.7671,37.633,32.1615,51.747,-68.4843,9.52326,-8.6151,-26.074,11.945,40.3811
-19.0717,-43.2228,3.71242,-40.14,34.5312,58.7932,-34.4623,15.6941,-18.1643,18.5888,-76.4816,-15.6056,-41.4984,-74.3618,46.9373,-4.11918,78.7763,-24.5208,-18.1777,-13.7014
4.41041,-9.61955,4.79302,20.7221,6.13043,-5.9414,-62.5907,57.9132,-35.1422,-2.92961,1.12421,18.0892,-3.31531,9.37859,-16.1755,-94.4102,-83.1585,67.4114,-10.8366,12.0468
12.7451,-7.62474,-28.7134,-15.3777,79.1131,-4.61099,15.9969,20.1183,57.0484,-18.7336,74.4973,-3.03275,-4.94124,-34.6329,-98.709,24.573,-17.7134,-22.505,-48.8835,-11.8369
60.0083,58.9534,-3.87601,-67.4373,23.9205,-32.6153,-20.8158,-22.8344,-2.25754,35.6691,-12.5735,25.9087,-12.3745,36.2051,-90.452,-11.0527,47.0543,36.5865,-42.2287,71.4683
-41.6683,20.8102,-92.1074,60.8097,58.0846,-66.647,-56.1434,30.7186,46.4706,-1.50567,8.92306,3.417,79.5961,14.2819,8.53995,-16.3368,-9.87905,77.0819,-14.0626,-20.1461
0,0,0,0,0,0,0,0,0,0,0,0,0,0,0,0,0,0,0,0
35.55,33.4858,43.6094,22.3968,87.2965,-91.4398,18.0161,-8.70343,22.5438,90.3192,65.9885,22.3484,67.5547,31.5081,9.9214,-14.3693,53.4481,31.0034,-72.3608,13.1563
-53.6831,53.2759,2.73484,51.1261,35.2663,78.0304,-0.314921,-47.3381,34.917,-11.5391,17.249,-26.8918,-57.6162,62.7662,40.7186,72.1823,-35.3811,33.1319,60.6211,-84.6744
41.5815,-2.67312,98.2175,-0.821993,19.6483,-16.2572,-59.3247,85.4376,15.4737,-30.8491,-37.8246,97.3617,97.0577,60.6509,-72.4773,6.65471,-22.009,97.6234,-49.4954,24.4426
-2.76906,87.9416,-7.47818,-88.5408,30.9792,26.1923,11.1236,9.93647,10.2363,50.5981,-55.8409,-15.6232,-11.2689,26.5484,40.361,-14.9182,0.197716,-15.557,72.5015,-75.649
-37.6388,-17.4682,-3.29629,49.0818,49.5965,-3.38069,-9.21834,1.44455,99.7128,-32.6891,13.8045,41.0656,60.525,-41.0367,-52.0518,6.69498,-26.4303,-1.53825,-38.3687,-3.48723
-36.7159,34.7512,73.9813,-78.2752,-6.51616,64.1548,-87.9593,-10.284,-0.713768,-63.0712,-19.972,70.0101,-90.1714,-59.5502,46.6318,56.7914,26.6239,-50.4545,66.0904,51.6728
76.8891,-65.9625,-11.1529,-27.853,-37.1626,28.0315,-10.0673,50.6598,40.7937,-51.409,-94.658,77.1774,-2.70333,-1.36897,0.969975,15.7842,72.2955,-26.7433,7.42641,27.5173
-58.8245,-75.0516,-15.0476,91.4618,-7.75418,-19.9333,4.33672,-70.8993,-46.3016,-10.9301,-44.2115,62.956,50.4934,-8.65262,3.24116,18.2621,31.316,-69.7316,-18.3367,30.0652
88.2698,-27.331,70.3855,65.212,-9.60969,41.7923,-20.8906,22.0576,-20.7971,-0.199082,-36.6321,34.2286,-75.3131,12.9567,79.069,-44.2285,22.6704,99.6348,14.2588,35.864
-55.5295,5.83527,-9.92056,-21.1244,-49.8605,-23.2241,-28.9712,75.6189,84.425,34.9917,-3.92099,-49.3933,-71.8061,69.597,75.2036,-4.42272,64.0053,91.0343,-38.0631,63.0519
55.7472,50.0105,29.4988,76.4959,2.68697,58.3935,93.9343,3.94111,40.4257,-81.0872,-27.7369,-36.0761,16.2466,-8.12612,34.6338,10.0545,5.77311,-81.7954,46.9251,94.9495
34.0351,-55.9431,-46.1935,-17.2421,-12.6337,7.28436,95.3499,-68.81,27.8756,-55.5351,-59.4801,26.2768,47.7005,3.50566,-22.2319,-3.83057,48.812,-56.4162,75.7533,-85.6992
11.0422,-31.322,-22.0974,-5.53917,53.6312,-91.0366,-83.339,79.5173,65.7911,-0.0889862,0.418179,-23.2638,-90.1612,-95.412,-5.6526,91.6631,91.317,45.9268,5.59007,-87.0176
-58.4405,25.0511,40.3791,73.8372,29.5457,23.6177,22.6884,31.3874,-47.2661,-56.6321,-1.6884,-28.6277,16.164,47.3324,-93.217,-32.8767,97.4438,0.91892,-31.5344,-9.93832
34.4143,-7.64936,40.9261,30.4682,-6.32707,57.8597,-12.7742,-13.2713,-61.5915,-38.0017,36.95,-40.5036,-15.4204,70.5912,-17.9266,98.6643,11.5718,0.961943,81.5372,63.3357
-23.3995,-13.2511,18.9421,84.9115,-33.0012,-18.3241,-63.8721,84.2945,25.7338,73.1339,57.7468,84.742,6.1891,75.282,-21.533,-21.547,58.1875,37.4786,-69.0766,-77.1893
0.118941,83.1901,-10.4739,-31.1684,54.6992,69.1788,13.3391,61.3282,24.7193,26.0373,-95.5595,2.14281,94.0617,68.4678,-33.4714,21.9144,33.9152,37.4554,-2.3548,64.7664
25.7113,-8.61854,-31.2149,1.6707,-1.84847,51.0006,24.9597,56.862,87.9793,-26.1935,-21.2197,-24.5109,44.7138,34.1048,42.1538,-99.7227,-44.2305,0.809548,72.0952,27.6078
-47.1025,-21.4311,-88.4328,86.5544,-72.0458,54.1051,81.7449,35.0983,-11.8443,81.8535,-88.3048,-90.5153,25.9221,28.077,28.4818,-76.3478,-16.5722,-28.3464,13.2711,57.2862
93.9973,-75.3712,-31.7581,42.5127,11.0948,-64.9972,45.3415,62.5737,-97.1811,30.2184,-11.9075,-4.35864,9.96528,-86.4878,35.7038,-82.0484,97.6074,20.7078,-25.6256,46.3065
4.13424,40.1043,-4.01408,22.7437,-36.0581,-22.779,84.8861,-49.5965,18.1188,91.76,59.7325,14.8628,54.8001,-31.9248,38.1053,94.2147,34.8878,-30.4391,-13.8649,-47.3831
-1.79133,-27.5663,17.7274,-8.38281,6.65015,-7.61799,51.3488,-49.5679,52.8086,-19.0695,18.8029,82.6097,25.3244,-34.3045,-46.8583,17.7951,60.2071,-87.765,20.541,-74.3946
-38.6306,-15.7283,56.005,-42.0108,-12.6086,-6.26602,-68.779,61.0593,90.7084,-5.38548,-6.70771,-11.5656,-69.407,-34.4895,-41.9035,-0.478633,79.1509,-13.4447,-23.3951,41.0196
64.5165,-51.2874,69.0649,12.7462,34.896,8.80327,-13.1573,-0.187476,-18.3358,-39.475,84.849,-28.494,33.7493,59.2744,0.256121,-16.3698,41.4262,47.5873,-88.662,89.4665
-31.3661,-64.8121,37.1658,34.7929,-63.2855,-8.74452,38.3099,16.1381,-21.3683,-25.4685,26.82,43.8347,-46.6239,67.0822,61.9053,74.3819,-1.21928,61.837,-61.8268,25.3144
-27.9539,-5.7614,-33.115,-19.3539,6.32582,3.64907,-71.0341,42.175,44.0154,14.6727,5.16057,52.4572,-33.8548,-88.8763,-81.4364,-14.4789,-22.3305,8.84924,-16.2736,2.13665
43.6099,-50.2997,24.8573,-56.6242,-73.3059,85.7011,-45.7963,-8.43173,-21.1408,-27.2383,-34.7543,43.4432,18.1808,-50.2628,-88.7057,-52.0161,-47.2204,-10.7868,-1.33719,39.7581
-41.3701,47.4022,56.5207,-18.7515,-20.2732,-78.3914,-91.4473,-47.2649,-44.1557,16.9006,-62.7603,-50.8311,16.1351,85.1976,97.3262,-81.8669,14.2235,10.8061,-82.173,-47.474
-60.6442,22.529,-88.1436,-50.8585,-93.6918,30.8924,14.8794,37.5011,90.4073,22.5575,56.001,-0.992679,-6.38454,-0.293328,-92.6394,37.243,-81.6885,59.5627,47.5499,-0.545079
99.7758,-2.16823,18.1512,12.1455,-44.5918,-34.6433,-39.3502,-51.3513,-10.6358,18.8715,-53.5257,-29.4682,5.13553,38.3465,-84.0085,-36.4896,71.5623,5.03709,-17.2881,-58.0278
0,0,0,0,0,0,0,0,0,0,0,0,0,0,0,0,0,0,0,0
