-65.5939,-421.021,124.767,302.46,-203.869,-421.004,302.521,25.8245,124.772,-203.808
511.903,-19.8834,-438.189,-395.975,-155.8,-350.232,-174.152,-189.887,-440.543,297.294
-449.792,279.061,310.235,-175.951,100.089,-63.3943,511.956,501.443,60.4499,-93.4501
302.47,302.47,302.47,-65.6029,-421.024,124.774,302.47,-65.6029,-203.869,302.47
-382.753,-215.562,126.74,28.8391,-354.135,511.955,333.091,-103.643,328.726,-451.239
-401.814,-18.765,511.949,-364.414,-389.397,-411.122,5.5948,-246.942,119.518,-227.008
124.775,-421.009,302.507,302.458,124.777,-65.6044,124.785,-421.004,302.448,124.773
-203.87,302.473,124.784,-203.87,302.463,-203.876,-65.5943,302.472,-65.6033,-421.026
298.207,-389.284,-85.4454,-206.338,-18.371,-202.134,-51.1652,511.942,-188.238,-398.42
121.635,-416.392,44.6711,-427.662,-421.13,315.569,-199.404,-84.9931,-230.926,511.925
-224.726,-450.075,-413.053,511.886,-441.947,128.434,154.199,-8.95694,462.673,321.843
25.8224,302.47,-421.024,302.47,-421.024,-421.024,-421.024,124.774,25.8224,25.8224
511.963,-231.218,-37.7764,-473.373,270.965,-444.982,-51.7058,-204.289,-12.9007,-444.377
124.774,124.774,-421.024,-421.024,-203.869,-203.869,302.47,-421.024,302.47,-421.024
-162.025,-403.711,447.821,-451.311,-411.244,-387.022,-98.7499,35.7087,62.4108,511.918
124.774,124.774,-421.024,-421.024,302.47,302.47,-421.024,-421.024,302.47,-203.869
-198.807,475.412,21.4366,-432.901,124.249,305.38,-209.698,-430.425,511.915,147.858
124.778,-203.868,124.778,124.825,302.462,-421.027,302.47,302.469,124.774,302.47
302.47,25.8224,-421.024,-203.869,302.47,-421.024,-203.869,124.774,-65.6029,302.47
302.47,-203.869,124.774,302.47,302.47,-421.024,302.47,302.47,-5.2942,-421.024
-421.012,-203.868,302.47,25.8235,-421.02,-420.963,-65.6015,302.467,-203.866,302.462
-395.03,220.999,-191.839,-333.289,281.182,304.614,-430.394,-433.546,291.637,511.95
-437.849,-456.957,511.982,-86.7317,292.459,295.821,-431.741,123.4,301.36,-401.868
124.777,-203.812,-65.6029,124.775,-203.869,302.471,-421.024,302.469,-421.024,-421.024
-203.871,124.772,124.77,-421.027,-421.03,124.772,-203.869,302.468,-203.857,124.801
124.774,-203.869,302.47,124.774,-421.024,-421.024,-65.6029,302.47,25.8224,302.47
302.47,302.47,-203.869,-421.024,-203.869,302.47,-421.024,-65.6029,302.47,-203.869
-65.6029,-203.869,-203.869,-421.024,-421.024,-421.024,-203.869,124.774,124.774,124.774
394.138,-19.5,341.092,-208.519,-397.754,257.755,73.801,511.936,316.658,298.8
124.783,-421.022,-203.861,124.798,302.471,-421.037,-65.6084,-421.025,302.522,302.461
0,0,0,0,0,0,0,0,0,0
-0.055,-0.055,-0.055,-0.055,-0.055,-0.055,-0.055,-0.055,-0.055,-0.055
-0.055,-0.055,-0.055,-0.055,-0.055,-0.055,-0.055,-0.055,-0.055,-0.055
-0.055,-0.055,-0.055,-0.055,-0.055,-0.055,-0.055,-0.055,-0.055,-0.055
-0.055,-0.055,-0.055,-0.055,-0.055,-0.055,-0.055,-0.055,-0.055,-0.055
-0.055,-0.055,-0.055,-0.055,-0.055,-0.055,-0.055,-0.055,-0.055,-0.055
-0.055,-0.055,-0.055,-0.055,-0.055,-0.055,-0.055,-0.055,-0.055,-0.055
-0.055,-0.055,-0.055,-0.055,-0.055,-0.055,-0.055,-0.055,-0.055,-0.055
-0.0569558,-0.0661937,-0.0277051,-0.0541917,-0.037264,-0.0654729,-0.0536541,-0.0674818,-0.0534696,-0.0285217
-0.0247135,-0.0489701,-0.0751448,-0.053252,-0.0501363,-0.0409165,-0.0410033,-0.0665852,-0.050895,-0.0619903
-0.055,-0.055,-0.055,-0.055,-0.055,-0.055,-0.055,-0.055,-0.055,-0.055
-0.055,-0.055,-0.055,-0.055,-0.055,-0.055,-0.055,-0.055,-0.055,-0.055
-0.055,-0.055,-0.055,-0.055,-0.055,-0.055,-0.055,-0.055,-0.055,-0.055
-0.055,-0.055,-0.055,-0.055,-0.055,-0.055,-0.055,-0.055,-0.055,-0.055
-0.055,-0.055,-0.055,-0.055,-0.055,-0.055,-0.055,-0.055,-0.055,-0.055
-0.055,-0.055,-0.055,-0.055,-0.055,-0.055,-0.055,-0.055,-0.055,-0.055
-0.0408703,-0.0433949,-0.0628459,-0.064561,-0.0529942,-0.0585212,-0.0461218,-0.0545454,-0.0619751,-0.0524897
-0.0389569,0.000857675,-0.00907214,0.0429618,-0.0265871,-0.0262798,-0.0527278,-0.0232292,-0.0229641,-0.0486789
-0.0598059,-0.0230589,-0.0877777,-0.0590005,-0.0555302,0.00189457,-0.0276757,-0.042079,-0.023536,-0.023417
-0.055,-0.055,-0.055,-0.055,-0.055,-0.055,-0.055,-0.055,-0.055,-0.055
-0.0447379,-0.0554274,-0.0501922,-0.0456023,-0.0738238,-0.0465936,-0.0404862,-0.0716225,-0.0478459,-0.0522425
-0.055,-0.055,-0.055,-0.055,-0.055,-0.055,-0.055,-0.055,-0.055,-0.055
-0.055,-0.055,-0.055,-0.055,-0.055,-0.055,-0.055,-0.055,-0.055,-0.055
-0.0267935,-0.060235,-0.0484331,-0.0521005,-0.00597064,-0.0506069,-0.0108855,-0.0373154,-0.0870516,-0.0499248
-0.055,-0.055,-0.055,-0.055,-0.055,-0.055,-0.055,-0.055,-0.055,-0.055
-0.0481279,-0.0601167,-0.0494904,-0.0441857,-0.0693113,-0.057575,-0.0538643,-0.0576242,-0.0506832,-0.0501448
-0.055,-0.055,-0.055,-0.055,-0.055,-0.055,-0.055,-0.055,-0.055,-0.055
-0.0556638,-0.0418274,-0.0645504,-0.0600321,-0.0447711,-0.0496045,-0.0492499,-0.0575012,-0.0660965,-0.0493347
-0.055,-0.055,-0.055,-0.055,-0.055,-0.055,-0.055,-0.055,-0.055,-0.055
-0.0591726,-0.0587234,-0.0543197,-0.0520062,-0.0491849,-0.053705,-0.0468152,-0.0609099,-0.0601478,-0.050979
-0.0607664,-0.068969,-0.0645863,-0.028841,-0.0679513,-0.0466613,-0.0516367,-0.0420526,-0.0509334,-0.0310678
0,0,0,0,0,0,0,0,0,0
1.374,2.41876,1.97436,-0.577972,-2.18298,-14.4647,45.5716,-32.3193,17.1257,26.4755
-1.33047,1.15959,-2.26952,1.5536,6.56826,50.684,41.3777,53.6338,29.861,10.9258
1.99604,-0.470799,0.245154,-0.864771,-3.4749,32.6301,20.3569,-10.735,-38.9541,-75.2398
-2.12856,0.888721,1.52788,-8.82973,76.3936,34.0424,29.0756,52.7239,24.7791,-8.17694
-2.50099,-2.61019,1.16194,-4.03781,17.0732,7.64195,-51.0293,48.7025,57.6883,74.0917
-2.75173,-0.351796,-0.697676,2.76392,7.07224,4.14863,-84.7803,10.2399,27.6345,68.2465
0.673282,2.43,2.26812,0.746713,13.5994,-52.8046,58.1034,-44.7313,95.2126,46.8012
1.33477,1.08095,0.35289,6.55927,44.3827,23.201,49.0171,-55.1386,-19.9922,66.539
2.2586,1.03913,2.67687,0.82925,-25.5839,-71.1089,25.1383,11.3401,51.568,56.9074
2.32373,0.234766,-2.45785,1.72247,-5.55816,-57.966,-2.33947,44.1805,-34.6176,-94.3234
1.06626,0.45425,-0.185702,-0.640811,-25.8884,-33.7487,35.7867,-51.4846,-0.163694,90.075
0.410864,-2.00389,2.2331,-1.96275,3.3302,38.5825,-19.092,47.9171,62.2362,74.2099
1.58084,-2.37825,-0.0402638,-1.25641,-2.40346,-69.7692,-47.5651,-13.432,-38.5417,-18.6391
1.93576,-1.73749,0.927492,7.19074,54.4179,3.86122,-35.0636,-19.1425,-51.9574,-23.1835
2.17861,1.14956,-2.56513,-0.437772,40.1919,10.072,-7.2579,17.8542,28.5007,86.5603
-1.15694,-0.0628591,0.592215,0.389142,-20.1555,26.2982,-34.9495,71.4601,-46.0388,9.82961
-1.8681,-0.306768,-2.3616,-1.49229,13.9839,14.4309,63.2602,-0.588765,-30.7582,85.0719
-2.43941,2.20419,-1.30319,-0.316066,-62.8372,43.7475,6.31509,0.79792,-33.6724,36.5339
-0.859027,1.7292,-1.80279,-0.530892,-9.57508,-12.9237,45.5442,-26.6124,60.4508,-28.5708
2.16604,0.875165,-0.346629,0.345653,-14.3482,-40.5144,-72.8052,-30.7485,39.659,63.9421
-1.18331,0.363453,-0.16722,-0.736862,8.80859,-66.4118,45.5688,-1.96614,5.72937,-27.1701
0.589483,0.717399,-1.80521,-2.96858,10.0951,-64.1158,25.7886,-60.8237,-48.4163,-90.6739
1.76323,-1.29338,-1.34032,4.69022,20.5139,38.0434,68.2457,-1.36232,-22.3968,-70.5039
2.05294,1.14238,-1.0129,-1.28335,-13.8388,-78.262,-56.8577,44.0515,-51.9581,-87.3053
1.93423,-1.91911,-0.0871937,-1.73069,7.1916,7.10531,2.12974,19.2741,-65.5265,26.8633
-0.399588,-1.41917,-1.50187,0.320455,-41.5112,37.0871,-45.6414,-0.140003,3.01153,83.017
2.59221,1.91607,-0.595483,0.153698,57.4498,20.7848,-23.3516,-5.36884,-68.5789,-36.8637
-2.66711,1.48336,-0.345031,0.627466,-1.45936,-72.3616,-25.1763,22.7084,47.9583,92.2206
1.25726,-0.896553,0.69857,0.837749,-0.905181,30.3039,45.4757,-24.572,-19.7282,61.0088
-2.40198,0.966874,1.85551,1.04983,-14.482,46.3763,10.7909,-25.4088,-58.9762,37.0332
0,0,0,0,0,0,0,0,0,0
11.5223,27.8481,9.42714,-3.51296,-5.33216,8.31374,-5.74049,11.5113,5.53969,-20.2458
18.9484,19.9182,16.9019,-0.510901,-8.13019,-11.0696,-11.8381,15.0854,4.81836,-2.84733
-15.5723,-2.57294,-2.01442,2.88144,4.49092,-11.4509,24.8795,-10.3854,1.00587,-9.93677
-9.98467,-7.04121,17.8372,21.4472,6.49834,5.03941,15.4908,13.1461,-10.0272,13.8442
14.5446,-20.9838,-2.52235,15.8317,12.6828,-7.93204,-2.10591,13.3383,-4.93408,8.3719
-2.51823,7.50231,-7.0576,8.52617,7.25753,-14.5537,-7.47052,13.1789,-14.8845,-11.1549
-20.6902,-10.9836,12.5034,5.98327,3.28979,-17.2996,-5.60505,4.4043,-6.67995,-6.91672
11.5406,3.40121,1.00157,9.44267,19.9022,17.2998,10.5231,12.9467,-6.82842,11.2743
19.9142,6.51671,13.9659,5.42074,11.3309,9.97922,12.4275,-7.09108,15.2125,1.75056
-19.0482,16.9534,-2.53886,6.40711,11.4063,-11.5946,24.189,-5.13166,-5.86564,18.3706
-4.08864,4.93381,10.9607,9.45834,2.90913,25.7991,6.10555,-12.8426,9.90489,8.10194
7.42331,22.8828,-0.559966,-21.6568,-4.79832,-11.8291,-21.0941,14.2437,-0.110372,1.57956
-0.574437,0.451124,-4.51089,-5.01042,7.16993,-10.2923,14.2227,4.55838,-3.55945,-9.40091
23.4772,1.51384,-14.9408,21.5631,6.65358,14.3346,8.22039,5.65036,2.18245,-10.8792
0.992944,5.51389,3.92426,-12.5536,4.98267,-15.1937,-8.10764,-17.6809,7.80411,2.5178
-5.9917,0.449996,8.97828,-0.552036,-1.21431,25.9326,2.98699,-12.8344,-17.4757,9.84535
15.9032,-7.59128,-4.99031,-28.6655,-8.09364,-9.07881,-7.3312,17.1897,-11.0944,1.19353
-23.9914,-17.0309,-4.52917,5.89724,-1.41792,15.1633,-0.64779,12.7763,-1.93073,1.96939
7.92285,-9.58883,1.43778,16.4996,4.34061,10.7239,16.0845,5.16652,15.8961,-9.94063
-10.639,-10.5229,-25.0155,1.87775,-12.3231,-5.09275,-12.7833,3.21679,-14.505,-8.2702
-6.54536,12.9388,12.4246,1.97834,-18.6025,-3.04456,10.4298,-3.23813,-11.0695,-1.19571
-10.5711,14.8614,-5.52623,-4.0524,11.7196,16.7553,2.64195,-11.4448,12.7928,2.01353
-2.0089,1.93251,20.8899,-24.8981,-13.0296,-4.822,-1.04425,3.97504,6.9426,17.5823
-12.0211,-7.98957,23.8992,-6.61698,-18.6466,14.5266,-2.03567,-4.97969,-9.83493,-6.28022
-25.893,-0.120549,1.89533,11.5303,-11.211,3.69206,-1.75107,11.5945,2.27197,-22.7826
0.885334,13.8914,19.8979,-18.6543,18.5225,-13.7173,-7.97307,16.2404,-1.15463,-3.10681
16.484,-3.04091,10.527,-8.09128,-17.0331,-14.8746,-19.5678,5.5641,6.3135,-6.03881
11.5383,-6.54028,0.9056,2.9744,22.3216,8.54715,9.18852,3.09325,-0.553721,-3.24471
14.962,7.4613,26.506,-3.50751,-14.899,-2.56316,8.42357,-0.437671,-6.27857,-12.4302
17.5236,15.8326,8.8723,9.95156,15.3327,-10.2566,9.60008,3.38475,-25.7287,9.48408
0,0,0,0,0,0,0,0,0,0
-463.479,445.835,-269.204,-488.463,166.212,-421.095,-222.826,-332.111,227.584,82.9694
-495.762,328.683,305.683,-3.49663,126.91,42.6176,62.799,-147.585,-132.876,100.552
82.72,405.48,-382.808,-157.275,307.216,-436.966,-390.024,481.781,113.571,118.92
255.454,404.388,194.821,334.798,-78.6087,-93.4492,-500,-71.0348,212.48,180.164
-80.0232,-190.717,-109.035,-281.465,303.16,-255.151,-158.585,222.698,-27.1661,-38.2817
-131.245,123.256,-373.96,-255.528,-99.9796,-75.8967,92.818,-149.191,-301.326,399.194
-434.168,65.7795,-390.987,-242.633,-442.716,-33.4609,-183.468,-1.56542,-443.633,-235.785
498.752,339.588,136.839,325.996,314.298,-188.073,489.779,-296.467,-121.04,82.0235
-256.711,37.502,336.464,208.192,-214.431,-87.5694,146.543,-454.401,-115.57,182.455
-95.87,182.061,344.231,-286.61,18.3751,-28.8767,-162.49,234.17,143.16,-414.768
-10.3021,-256.315,63.5265,346.691,-156.383,-486.165,214.676,293.879,-500,197.243
487.625,123.739,132.957,-344.483,-213.305,165.433,235.812,144.629,-450.229,-259.981
-414.672,-467.541,21.6232,295.279,-422.563,92.2712,260.995,-25.2736,64.2392,81.9387
-245.049,-364.363,-449.887,3.5572,320.727,-28.6027,245.963,263.669,-394.158,-320.737
-167.882,134.068,128.903,389.018,-500,-27.1977,314.828,-500,68.0248,-146.974
423.428,64.4527,-461.64,-191.917,-94.6818,-57.3008,287.168,200.265,-500,48.3766
323.425,-221.181,482.033,-275.291,-488.889,-203.16,25.634,26.13,-62.9431,-110.024
462.93,70.5622,-11.5486,200.16,107.774,-255.742,-331.684,-293.234,-461.221,355.125
356.631,-44.199,-18.3953,-318.585,225.51,310.353,-487.131,-281.239,-206.199,195.563
488.15,-257.432,-417.229,-373.823,346.262,-130.702,-12.2871,-245.743,-475.319,-300.869
363.914,38.1182,220.099,-370.114,233.903,300.926,-222.039,-413.032,100.864,86.3033
-92.9591,217.257,26.1164,160.831,222.725,341.21,-150.842,198.554,-40.0599,-422.969
-301.963,-300.059,96.8825,-244.877,-283.137,322.738,44.4153,307.584,-80.3015,122.076
-30.0657,124.628,-167.978,-434.589,381.204,207.16,-408.904,123.776,-500,80.5133
-274.505,-408.568,-290.824,353.801,-76.2465,252.186,-339.088,127.201,-60.5182,-145
-21.9763,145.095,-341.35,-195.75,-164.794,237.507,-59.6481,-3.16911,-426.716,-240.956
407.64,-173.839,273.479,38.0338,-133.465,339.913,-39.1422,3.89475,230.793,-500
-335.598,449.56,-22.9463,303.858,6.93694,-198.337,-500,56.3041,-500,212.7
-480.294,-268.664,-473.922,-142.832,-280.69,302.544,236.032,-500,-111.467,39.9937
195.926,-267.239,-186.243,-227.675,33.0422,-388.263,-137.052,313.654,312.465,142.462
0,0,0,0,0,0,0,0,0,0
11.9191,-10.8157,-1.30978,-4.41617,9.7792,-0.248041,-12.7653,-24.1517,17.6364,8.67399
-24.7647,-1.92907,-18.6874,14.1605,-29.8071,-27.9346,-12.4589,13.6852,15.0207,4.20242
19.6009,-9.10921,12.9716,-21.8149,22.1549,-14.2572,-21.2162,-11.0839,-18.1776,5.46869
-6.66414,-11.2541,7.73144,-22.541,-1.57265,4.23929,23.174,29.0483,19.52,-14.2099
3.00393,-8.4764,6.5283,-11.1865,25.2343,6.40002,-13.6305,-3.53295,6.76845,-1.76925
-4.77262,-8.94711,-4.77124,-9.90126,-2.18806,17.8956,18.1627,28.4375,11.5862,25.7458
-25.0885,-14.6345,1.04847,-3.53712,15.4996,27.06,-6.30676,19.9862,4.76256,16.3135
29.6208,25.0517,-15.8103,-20.6472,6.66599,-0.0192759,-5.08318,-17.2321,-14.7626,-27.9248
-28.6951,-5.28213,2.9179,-10.6431,0.120438,15.9111,0.554341,2.79247,-12.9354,-8.16761
4.14397,22.3351,21.1835,9.95536,23.4633,9.70526,4.22546,-2.40569,-8.38656,-13.5802
-29.4829,-0.626056,5.03175,4.48405,15.8604,13.4162,7.62691,14.8355,16.7676,25.2517
22.8603,-2.7124,3.03427,-6.92176,4.07524,17.6906,1.51775,-16.7407,25.1494,14.3151
16.2437,-13.5804,6.51653,24.8594,-17.1282,2.04418,25.3993,-25.2962,-19.9044,-28.5681
-26.9124,-0.564925,-17.4277,-20.6709,22.8901,8.48348,-1.82279,-0.164964,2.61404,7.19597
-11.0592,1.34706,-8.02124,-9.64186,0.700167,-11.228,20.2959,2.6551,18.2947,-14.4043
-5.52082,-4.99017,-7.24924,-21.6623,29.3419,-25.8699,6.12154,-15.4558,11.4454,-20.6922
-28.6372,3.62399,-19.878,9.3361,26.5141,2.59976,11.5605,2.5262,5.20624,22.4673
-3.50755,-0.0167043,21.7409,-5.90881,-2.53287,0.947491,27.9265,-17.7634,14.2429,-22.465
11.8525,8.48998,-6.49771,-25.5044,7.1172,0.954319,6.45118,-1.75604,-10.9377,24.4799
17.0422,3.34261,10.017,15.552,-2.867,-19.9277,4.09487,2.99341,6.92024,-14.2847
6.77158,-8.3885,-4.66883,-10.4634,7.27022,-13.8399,-6.03789,-14.517,17.533,0.615825
25.1038,14.0586,-3.71373,-9.80513,0.370359,-1.06514,-22.9355,-16.2933,-6.7825,-13.7686
11.7704,17.8906,8.33487,29.0785,-28.826,-26.6951,-0.00869337,6.79111,-16.6042,2.78557
-12.9399,-18.012,23.9478,-29.9267,13.4883,29.5984,-7.97938,-2.51193,21.5993,-2.50766
-24.0261,14.5523,-1.45553,2.17807,13.7028,10.3357,-4.59064,3.48301,19.4459,17.78
9.17149,-1.30021,6.35186,-3.8973,-22.7302,11.4763,-0.623412,5.47853,-29.4559,-1.79452
21.3733,0.707062,1.13272,-18.3444,14.3617,-2.06777,1.39192,24.891,23.0742,-28.0775
-18.6991,11.8706,15.0357,-3.98657,-10.7096,7.43148,7.87341,27.5496,2.61327,16.7217
7.3055,-4.57257,3.13354,15.7752,8.07616,8.59752,-25.5185,-21.1316,-29.1771,-21.6552
0.274791,25.9593,-4.10457,27.0729,-1.78114,-0.0738424,12.238,-8.21553,6.02172,-11.3162
0,0,0,0,0,0,0,0,0,0
-26.723,28.6902,-27.1644,27.1147,-3.78602,21.4463,4.43458,-22.5439,13.9792,2.55164
27.7754,22.7394,2.33551,23.8956,15.8173,18.6355,11.3341,12.2244,28.4435,-2.55967
-26.8879,3.67164,-7.21483,13.4524,-16.9339,18.9727,-12.7892,-16.5832,-9.41284,-24.9089
6.55898,-24.9419,18.0763,3.54073,20.9642,-4.40724,3.00939,10.0754,-15.9488,-16.3465
12.4915,-1.99583,0.0771845,22.1477,7.70293,-22.5948,18.6365,24.5068,11.0584,-26.8131
-11.7565,13.1864,-8.4769,-8.96418,-9.81356,-23.3345,-16.5235,0.747086,-3.82911,21.243
-24.3019,2.42427,29.1059,-14.0199,-5.23108,10.7945,-25.8272,-1.55725,-5.99211,-16.7302
16.27,-13.8785,7.76074,-13.7396,7.83015,13.8429,29.6334,-28.5029,-29.1657,-16.0935
-23.3983,-14.6296,11.4502,-28.578,-24.2418,-13.9019,-17.0932,4.45484,18.5977,-4.1768
4.95844,21.3189,-24.2254,-17.4687,20.7436,-28.2272,29.1338,-22.2308,8.42545,20.8069
-25.8103,19.1859,-6.80183,-5.65265,6.30645,-6.50037,3.78843,2.7402,8.69344,27.5383
-12.2871,-6.82325,20.8729,-10.756,-6.79634,-7.52753,17.5951,-2.79143,6.02705,-2.88058
-25.9304,10.0231,2.16271,3.51081,4.31298,-29.9512,-22.5777,18.8706,-26.2341,28.455
-15.7763,-5.843,-2.42591,-14.8951,-29.6904,-15.5936,-21.3076,25.4153,1.49817,-18.0898
19.3149,25.9167,25.8828,-11.3026,10.6915,-25.6511,-7.19737,-29.6393,19.6414,26.9679
-14.5184,19.3147,-27.8197,5.29932,14.5593,-19.7121,24.1775,-21.0985,23.0583,3.48626
9.39221,-18.7249,21.527,2.40967,-7.2998,-10.8991,11.1512,-13.3657,-24.8962,24.2959
14.6324,10.7626,-17.2512,27.5805,6.85886,-5.83156,3.15331,21.0391,6.68148,22.0697
-3.48412,-11.823,-25.9306,3.02127,15.5366,-28.0924,8.16926,-3.10741,25.1338,-20.5046
15.3904,6.24747,-11.8338,-28.2812,15.5328,20.436,-17.2899,-7.5339,-23.9897,17.57
-18.8312,21.9614,-25.6787,-0.276901,-6.28393,24.2723,5.16104,20.0663,-25.1146,1.21216
27.6581,15.3517,-2.01341,22.253,18.9691,15.6851,29.8815,8.02601,3.72983,13.3602
-20.1575,6.90793,0.725123,25.4056,26.0471,22.1364,-20.6783,27.474,-25.1271,-18.0187
-1.53127,-9.00838,-3.71713,21.2011,-21.9886,-18.8086,0.97511,14.7373,8.01055,-29.7877
14.0791,-1.80214,-11.415,28.9051,-0.218072,-20.2253,20.0656,-12.2588,-9.06573,12.3966
-29.6763,-3.05365,9.26054,15.7338,29.0563,-21.2185,-4.95412,11.0006,27.563,-21.0889
1.53644,29.7815,-6.18497,-10.7676,-8.34332,1.25507,-4.81725,24.209,14.1754,14.6369
-12.7009,-20.0936,18.3262,25.9243,12.2624,-9.39807,6.76462,28.9863,5.58659,7.90217
19.4799,-15.8599,20.6405,-3.9319,-15.2392,-5.49828,-24.7445,-23.2017,-9.27598,4.37977
20.9797,-17.7974,-0.545893,18.6452,1.47371,-11.8392,5.81598,20.9255,-17.2264,14.7198
0,0,0,0,0,0,0,0,0,0
29.7269,-15.0897,6.02252,-6.83276,-12.7619,-16.7568,4.35214,10.4417,20.0319,0.726658
-9.41816,14.4586,0.391826,-16.0416,-9.80429,-4.34049,-5.77869,-4.41621,23.0624,-8.65145
-23.5355,-14.5354,-2.58813,-3.3315,-1.16471,1.00625,-6.01585,-25.686,1.70458,10.0856
12.4228,-3.58704,-1.19715,-21.6032,-1.02586,-1.77038,-2.67294,2.69846,15.2619,14.7916
4.64583,-30.4089,0.155958,-1.0831,13.7032,-2.64737,-12.7852,-16.677,-9.19656,2.28196
12.4421,-10.5728,-18.3005,1.8183,-14.5221,3.47596,-1.26164,-18.2769,5.98569,14.7911
-23.5235,3.53959,1.89634,-8.17833,0.401379,8.98316,-19.9826,7.38635,7.4253,0.719648
-11.0114,-21.5363,2.56228,-0.288298,14.5061,-8.14613,10.4397,-12.1169,-7.55163,-2.38714
3.07412,-22.4487,-9.7123,5.67191,-7.60547,16.6703,-2.76216,8.07005,-2.76288,-0.815751
6.17823,-6.86871,-6.44442,5.23068,3.24501,-0.543976,-0.255346,-0.504823,-20.1368,-30.6176
21.8657,-16.161,-13.7598,-2.65795,-0.309998,-1.03701,4.3663,4.08781,7.55263,-8.63212
-1.60768,6.77922,4.83298,1.06156,-15.2388,-6.62085,-9.76244,8.84596,-17.0039,-14.921
13.9982,-8.27709,0.354863,5.82187,2.1644,9.46034,-1.16028,-5.83037,-26.3668,-2.40348
10.8383,3.49323,-6.7035,-16.0375,-16.0442,8.86647,-7.5328,7.29299,-12.2635,-0.834741
6.19694,23.8412,-2.64789,-19.071,8.84933,-4.32823,-1.9255,-8.91987,2.77207,2.24221
-3.17904,-16.1253,-4.30702,-5.07585,0.294798,-0.414036,-0.34895,-1.09964,-9.10027,-3.94821
3.06303,-16.7912,-2.0687,3.28993,11.9266,-7.49883,28.5003,-4.31116,7.40324,-8.6312
-3.09548,14.4067,-5.21973,0.234469,-1.15124,0.591249,-22.0972,-28.7177,-10.6912,16.37
15.5658,-0.443358,8.75349,-10.7751,19.2227,-0.329459,-3.78567,-15.7878,12.0541,24.1744
-9.41636,14.4524,3.54523,-9.70432,8.369,-14.2931,-2.63333,-7.54604,10.4948,6.9398
-1.61031,7.26641,10.5333,-2.76194,-0.415324,-0.352569,-0.391268,-1.14517,-21.6375,-3.96583
-0.055,-1.03692,4.32838,-2.08887,-8.08663,-8.97168,-7.42013,-1.97497,-18.4969,24.2199
3.02773,-3.5735,-0.379146,-0.381339,-0.354772,-0.441871,-1.26419,4.04629,7.58905,16.3662
-1.6079,-8.24395,7.31325,4.30488,7.40254,7.18152,-6.0724,2.07612,-20.6063,6.98976
-4.71225,4.12996,4.23739,-2.84605,-4.02871,-2.99232,11.3955,-8.15893,-15.3063,8.53452
9.30846,-9.86977,-0.345877,-0.503628,-3.36976,1.95362,1.20479,7.18473,10.7195,-5.51636
10.8813,16.0643,-9.73826,-3.74796,-6.41729,-3.57043,-0.454865,11.2567,-17.6037,16.3812
-4.73069,9.89765,7.99757,-2.09545,-1.86361,9.74455,12.136,18.1811,12.3003,5.41018
-21.9707,-9.89613,-16.8485,-20.7621,6.57461,-0.404426,5.70653,-7.47745,-5.95245,-7.05765
-7.80952,0.384547,-0.366674,-0.425235,26.996,-17.601,-15.152,-0.291993,2.66569,-7.01369
0,0,0,0,0,0,0,0,0,0
-19.9655,31.9188,5.6957,6.93112,8.93222,-0.0546177,-5.0335,-5.03358,-0.0550587,17.9396
0.939786,-5.03174,3.93205,5.93105,6.93892,-30.0542,-0.055,-21.0534,-29.0216,-11.0546
-30.0113,4.94454,-13.0466,-1.05417,22.9508,-18.0454,10.4737,-1.63334,2.94009,16.9411
-18.0518,-8.04715,-4.05127,22.9438,-26.0546,19.9431,0.94088,3.91978,3.9352,18.9414
-1.85492,0.528726,-6.03435,-12.0492,6.93948,8.94503,-24.053,7.94585,-20.0514,16.0123
8.35868,31.9084,4.51363,0.911304,-1.03401,-10.0444,-10.291,0.082188,6.92947,11.0674
-13.0396,-0.0471341,8.9304,-4.03643,-1.0513,-25.054,24.9443,9.93857,-3.03829,1.92654
-19.0545,23.9446,27.9443,0.943869,-8.04249,-9.04908,11.9395,8.93502,-1.05265,-7.03412
-23.9361,24.9434,-21.0538,8.93763,-3.03851,-2.04473,-15.9822,-0.0540739,-0.0535373,16.9003
13.9387,3.93442,3.90745,-0.534599,6.92219,6.93941,-18.0515,8.94401,-13.0518,-21.03
-13.5496,6.92979,1.92255,0.926568,2.92577,-11.0182,-29.9845,-4.04806,8.93783,-19.0664
-4.05368,-16.0519,-21.0537,12.94,0.927197,0.927169,12.9372,6.93836,-7.04895,15.9406
4.94437,20.9435,-24.0539,4.93718,4.92312,-0.055,0.919787,17.9425,-25.0546,-24.9915
-22.0548,29.9445,-3.0373,0.936819,-5.03864,-10.0467,-9.0518,21.9428,1.94485,-29.0541
-13.0477,5.93988,-8.0415,2.94191,23.9435,-6.05461,-25.0535,3.93147,-2.03872,-3.02715
6.92321,0.937806,-3.03723,-23.0535,15.9442,-19.0526,-5.054,17.9426,22.0056,18.9481
-16.0653,7.94277,16.035,9.93878,-6.04149,1.93066,2.91469,5.44254,12.9528,24.9445
4.23543,31.9002,-7.30844,-1.07335,-1.49096,16.2293,6.84963,4.1112,-24.9723,-18.004
-24.9873,23.9447,-23.0534,4.78433,-6.02523,-0.0290187,-1.38708,4.93091,31.8975,21.6458
9.93197,-2.03513,-1.03721,-2.03657,-24.0536,13.9413,-4.0405,-2.04825,21.9434,18.9444
30.9443,2.94011,-6.03858,5.92716,-1.04891,3.9291,17.942,13.9417,7.94324,-23.0533
21.9448,-29.0545,-11.0519,-9.05199,-19.0525,9.93816,-3.05016,-8.04074,-5.04929,-11.978
17.9519,14.9432,13.9402,1.94673,-11.0433,0.942947,6.93216,-11.0495,-13.0524,-18.0333
-0.0521236,-7.03611,3.9268,1.93796,-29.0542,-13.0518,6.94801,27.9445,27.9444,-2.05507
5.3904,7.94329,3.92934,-3.03872,5.0227,22.9406,20.9341,-8.0489,6.00454,16.8934
-14.0312,-1.04587,-2.03635,-15.0425,-21.0537,13.9406,-0.0550003,13.0048,-32,-30.0486
5.93071,-5.041,4.92506,1.936,5.92964,-8.04908,23.9433,-1.04504,1.91172,1.91554
1.00303,-3.02334,-2.04365,-8.04623,29.9462,19.9444,17.9445,-30.0544,-4.05347,-12.0343
-29.0552,-4.04328,-3.01736,-1.04906,-15.0498,-25.5147,-13.0545,-29.0544,9.93782,-2.05351
7.95711,0.948152,7.92661,-0.0550001,-2.03292,16.9419,-19.045,9.94313,-15.0467,13.5804
0,0,0,0,0,0,0,0,0,0
-457.159,-382.878,-125.236,208.022,366.891,-369.404,-440.318,28.0484,425.174,-285.076
-378.961,145.099,-249.71,277.112,-482.933,406.564,425.914,-39.1022,31.4688,146.501
-242.62,16.7576,349.197,490.194,-313.878,-74.7881,437.776,456.662,-253.097,76.6195
279.976,-480.182,391.968,-366.755,133.693,-398.832,-137.132,-30.7725,343.538,-500
465.179,-301.932,-471.75,-227.626,15.1963,-176.933,-497.811,390.863,282.035,-168.158
425.804,439.302,-393.445,418.645,-238.304,-402.715,151.568,324.622,499.893,393.025
-499.854,295.704,192.381,-268.726,-190.569,-500,-246.625,10.047,336.323,-447.112
-298.087,-466.261,398.845,166.547,-54.4635,-337.944,-88.2728,411.564,-376.198,-132.48
-394.437,85.0641,384.088,-358.57,492.726,-12.3845,90.7392,359.31,499.951,46.7401
396.507,-362.934,-431.284,-172.795,473.262,-261.671,266.728,278.781,229.435,246.824
-499.962,200.553,-56.6697,197.781,-268.264,277.126,-475.676,366.269,249.364,261.128
146.02,290.113,-305.303,-467.567,379.498,-107.151,458.228,-256.085,278.449,-486.332
94.9024,-398.458,-423.789,355.35,-485.739,-407.363,-158.521,-85.5633,197.041,-268.336
93.3818,-395.138,-143.109,-166.62,104.737,-136.33,103.027,293.915,249.39,-480.466
466.696,417.231,429.588,160.63,110.521,354.23,-353.142,-376.286,-442.878,101.504
166.598,55.0068,375.262,-357.387,-425.52,-449.721,387.463,-221.44,271.761,227.252
-234.721,499.909,35.4868,335.803,223.077,-283.019,-457.487,51.7373,-388.179,-141.534
-377.107,-89.4594,-363.998,-231.622,-246.458,475.82,428.986,498.631,64.7996,-118.933
37.9834,-6.80117,397.202,156.311,322.23,-115.619,418.961,166.758,313.831,206.578
-247.74,285.153,177.531,321.703,477.327,-306.65,479.537,487.652,-313.224,175.587
-244.399,277.532,-492.386,8.96011,388.894,-394.544,-422.76,-367.455,89.2192,-390.869
-287.048,499.909,18.9728,339.042,-489.306,381.88,-358.085,-281.592,-306.963,174.604
-185.062,-163.715,112.068,-374.686,455.12,51.0955,-353.616,-419.565,377.977,331.289
-184.604,-106.343,413.463,-373.04,137.107,-441.27,-374.955,-304.268,-232.251,499.895
-197.731,-267.203,-433.469,-457.275,393.33,154.443,327.761,-342.335,187.045,-266.454
151.052,-98.8194,-121.588,416.163,-375.589,334.903,-495.717,-422.791,373.208,-100.29
-474.8,-402.442,-169.164,-241.252,10.436,-168.327,90.7775,-203.349,-272.466,-202.009
-462.627,-389.074,-139.357,224.502,236.561,-45.1103,433.075,452.304,407.906,163.544
331.799,-233.006,260.034,-146.375,370.084,490.465,500,118.58,-133.8,-490.421
404.275,359.645,314.903,-441.142,-464.011,379.43,-103.512,435.38,451.555,-9.87243
0,0,0,0,0,0,0,0,0,0
-20.2141,-174.344,-411.64,-209.53,-411.69,150.369,458.775,62.865,-282.31,126.86
-358.634,-391.769,-413.889,164.078,345.745,154.062,96.1227,79.7297,-296.022,-175.409
415.306,340.729,-85.2762,-121.347,-198.271,94.4095,-288.723,469.915,-99.4492,-500
-273.817,-48.6141,463.08,490.92,-356.699,324.817,107.638,-426.726,-267.86,24.4771
6.91201,461.905,-461.918,-359.096,-294.132,14.0594,-172.238,-39.8677,229.637,191.597
-247.266,357.444,-196.961,-499.871,412.975,350.207,-286.611,102.366,-114.761,-77.7119
-381.663,381.593,248.688,104.19,-404.357,-188.328,-40.9266,-421.6,415.707,-219.658
222.534,368.775,-385.502,383.377,436.377,374.854,245.867,482.976,-231.051,307.943
427.769,362.611,-200.724,104.776,243.038,147.822,82.4424,-38.5921,-385.925,457.31
-34.4852,463.255,-229.893,188.809,267.063,204.545,366.495,434.475,150.182,-216.256
311.421,-267.52,-429.022,-238.302,195.133,-69.7746,-117.285,238.174,-500,-102.252
-117.467,237.713,-221.686,118.584,167.134,-280.555,-435.048,-261.444,-425.883,-226.653
217.707,-421.914,264.45,479.557,160.875,96.7935,104.779,455.017,48.7027,224.15
451.572,23.6845,-28.2257,-182.433,28.201,84.9793,452.545,27.4174,-35.8964,451.611
225.703,-445.061,-313.666,147.619,92.8306,75.0925,-282.372,-441.916,375.405,-300.204
-298.814,-172.323,-176.238,478.131,237.136,104.268,351.147,-500,-101.636,-130.619
-212.285,-154.424,-404.261,-179.851,483.289,-348.842,-287.941,120.91,459.804,-340.824
96.6823,-402.034,-188.937,-415.003,-217.97,-165.559,-406.015,499.91,-358.005,142.274
-315.056,-362.792,416.94,-317.912,127.953,454.261,405.141,449.299,395.797,391.633
-305.356,147.823,-231.68,-331.46,-268.277,412.897,339.811,321.688,337.507,413.498
-324.179,232.35,234.967,101.307,-403.381,-379.505,254.343,-290.256,-443.623,453.229
-338.918,242.34,-161.532,148.568,-119.207,235.042,473.716,-429.708,-220.882,113.326
465.019,-127.379,463.761,174.626,342.591,115.694,-500,302.201,-382.363,29.5251
158.493,-235.599,329.426,-5.96995,-456.277,-327.734,358.621,-193.351,-48.2162,-500
-64.422,81.9889,-286.348,-133.34,-109.11,108.438,456.031,-419.807,-215.304,-158.237
42.5663,-85.9422,130.98,-168.193,-500,-421.428,-403.266,-489.811,-395.237,30.5434
-151.705,-397.644,35.3041,-28.316,452.802,-418.173,360.926,-198.245,-415.222,-216.454
-29.1219,333.681,-282.354,139.717,-213.633,-317.024,231.831,105.964,458.965,-422.571
453.995,62.9148,-283.459,129.911,235.121,363.803,-96.6958,-396.566,153.564,90.7234
428.171,-329.482,-257.105,-417.402,-395.629,468.971,429.148,465.256,61.2954,-275.973
0,0,0,0,0,0,0,0,0,0
-97.0933,-73.6766,17.8629,42.9766,82.777,84.1257,-28.7016,-82.6482,-17.3201,-17.785
96.8917,-90.8271,-85.1083,-19.878,61.9748,40.8911,64.1889,62.7871,58.1496,21.6797
34.86,31.477,30.0469,-56.195,66.4596,2.43727,48.6592,36.9552,57.1342,92.2203
-45.1102,-9.47006,65.9606,-26.9554,-4.72156,-4.22532,-1.69417,-40.2733,90.4891,-65.2665
53.9846,56.1349,-78.1388,45.9994,-16.2816,27.1806,23.083,23.219,-65.6262,78.252
-13.3992,54.4315,78.5611,82.2522,55.1689,-54.0457,-58.1626,-13.1349,-11.6933,85.1448
-78.5049,-69.507,99.1256,38.0426,-53.2655,-77.5639,-79.6467,-36.0997,-0.701119,35.0947
18.3031,-93.6317,47.7286,-94.3126,77.3348,-31.5508,31.5868,-75.367,-80.9765,-77.7296
-33.0303,-5.79763,-14.3188,45.7276,85.0964,-28.4001,-28.4589,19.5785,-37.6039,-18.1037
-55.1385,-49.6474,-71.0545,87.8226,88.3937,7.09253,88.2126,-98.1514,-97.2388,61.0424
17.6676,-7.96777,-84.0339,69.6902,-15.0189,69.5955,-95.1241,38.6369,33.5289,33.5158
86.3037,91.9057,90.9007,78.5058,-28.1516,-18.2997,17.358,59.119,50.4524,28.593
-22.279,16.7515,22.6682,22.6151,-54.1708,-49.8412,-46.0559,15.1748,-64.1285,-77.0058
-40.5999,5.68118,83.6355,-54.7484,-55.2479,-77.2656,-86.029,-88.498,-94.7781,81.8704
91.1275,-71.1973,81.2704,60.4568,41.7654,53.3668,89.1341,-31.3602,-0.873275,-1.99751
-54.494,-57.2799,-26.4783,78.1516,-95.8645,-79.3396,-31.5188,-28.9817,-37.7359,43.4906
-6.96477,-15.5746,39.9267,2.30669,-28.5823,73.1068,69.8053,73.3845,-38.6615,19.7552
76.3478,77.5314,-84.9226,-90.2611,-32.42,-21.758,34.1591,-82.9199,-78.2074,-69.1483
-43.6515,63.8989,86.3699,-15.946,61.0981,60.5481,-14.6813,-64.4241,-32.1011,-67.7957
-66.6472,-99.9746,-63.7202,-27.2822,5.38203,59.101,56.0484,-89.2332,26.2062,-10.3954
-9.10585,-58.5665,54.5734,51.9966,34.1977,60.507,-30.5636,6.67683,-21.2929,19.9494
-9.13137,-32.4689,-26.1385,32.2494,40.7466,-36.7391,73.8015,49.8914,-67.2282,-63.9859
87.0241,20.1158,-21.2413,55.3868,-59.8266,-20.8891,-23.7732,66.5359,-50.4481,11.4667
-19.9589,-78.0026,71.4844,-10.9716,42.5895,51.6408,-94.6782,62.4144,61.2502,-32.4587
-93.1717,-20.6745,76.7038,-25.3597,-24.4674,60.2422,-13.6183,-43.493,-2.46509,-32.7763
-89.2113,42.9763,20.1224,41.8235,24.5123,26.9704,32.6346,10.0498,-64.1137,-72.6972
95.8788,79.6134,78.1812,2.86353,60.6749,23.3468,-80.0168,-40.2031,-22.7214,30.3497
-67.2704,79.3175,78.1178,15.9663,45.1866,-53.9693,11.1623,-0.285284,29.4435,-11.984
57.0263,58.3371,84.5112,-55.6012,61.2761,18.2055,-61.788,41.2796,59.898,-57.4823
76.4559,16.9869,-65.9624,94.1596,-46.5873,-55.898,-54.2532,-84.6299,-39.1845,12.7605
0,0,0,0,0,0,0,0,0,0
2.04065,2.26697,0.181574,1.93479,1.74605,1.54086,0.430163,0.43187,2.16081,2.71683
1.53183,1.58889,2.91956,1.97925,2.56232,1.93196,1.40455,1.77568,1.2525,1.06595
2.23309,1.46302,0.405577,2.55857,0.0942578,2.64442,0.807257,1.73545,0.573741,0.365781
2.38837,2.43048,1.30551,1.08933,1.72985,1.76107,2.35804,2.53378,1.68528,1.09709
1.43993,1.51625,0.593671,2.87919,1.01917,1.80813,1.59258,1.78137,1.17659,1.19425
2.30055,0.00163258,2.31891,0.063858,1.87653,2.42385,2.21219,0.803345,0.433162,1.61521
2.84877,0.777741,0.690593,1.05437,0.935001,0.106555,0.793016,0.825254,0.249813,0.658702
0.807273,0.152037,1.27143,2.09532,1.12865,1.05758,1.86509,1.76531,1.99503,1.06751
0.862015,0.902101,1.60686,0.70918,1.02141,0.351204,1.44971,0.740967,0.729552,0.784512
2.93859,1.52118,0.337568,1.3864,2.12876,0.914627,2.46655,1.7507,1.24276,1.8041
0.840168,2.45751,2.22028,0.945084,0.417538,2.49145,1.9374,0.80491,0.7359,2.07717
1.81047,1.52169,1.36913,1.8716,0.345938,0.744836,1.5641,0.0562842,2.20546,1.20222
1.33006,1.95668,1.30254,0.0641083,0.814743,2.5264,0.814253,1.76864,1.26816,1.40227
2.73663,1.74257,2.20252,1.67011,2.35929,0.295303,2.21501,1.3779,2.86896,1.74094
2.20233,0.269882,1.1972,2.48577,0.514738,1.5549,1.85602,0.650714,1.11123,1.08353
2.15435,1.89192,1.16555,1.23201,2.1951,2.5117,0.967948,2.99959,0.761959,0.968694
1.85802,1.85782,0.394492,0.261863,2.23035,0.896827,1.44801,2.70049,0.795354,2.61051
2.1624,0.0724691,1.33258,1.84835,2.62695,0.6866,2.5271,0.800133,2.38933,0.761662
0.704633,2.74334,2.68329,1.37209,1.06584,0.725825,1.87025,2.95501,2.9226,1.8461
0.932691,1.35731,1.23258,2.89947,0.640199,2.90751,0.0426068,1.38464,0.648242,2.53498
2.56176,0.761671,1.21505,1.13358,1.18319,0.953758,2.24739,2.48035,2.23292,0.66701
0.658554,1.57908,1.12908,1.92288,2.30591,2.31793,1.67816,1.72313,0.527259,2.09431
2.1993,1.5906,2.36774,1.30008,0.322785,1.30549,2.5641,1.88066,1.94988,2.28912
1.2019,1.65175,2.9938,2.48644,1.17975,1.02285,0.915833,1.37361,0.816912,0.20084
2.15688,1.53312,2.15226,1.07299,1.18842,2.67114,2.881,1.35515,1.95249,1.81539
2.0777,1.51247,2.75627,2.42423,1.66894,2.06916,2.71547,2.50872,2.45765,2.06407
1.97638,1.49056,1.22681,1.05157,2.18707,0.652667,1.46198,0.91506,2.83417,0.547777
1.42878,1.52544,2.14869,1.05166,1.31374,1.54758,2.02457,0.896744,0.211348,0.0364903
2.26276,1.18485,0.0383276,1.93224,0.847845,0.843708,0.481763,2.41956,1.29755,0.696979
0.130424,2.67801,2.48661,2.49865,0.114734,1.18131,0.862708,0.380673,2.66828,1.24463
0,0,0,0,0,0,0,0,0,0
28.1577,-11.3313,4.59058,21.273,-22.5039,13.6189,-13.0321,-24.6148,-1.35895,7.40486
14.5789,-0.615992,-24.6993,3.18603,-21.1974,22.6801,11.9584,-10.3048,19.2689,-1.98945
-26.7413,18.8674,-8.01609,16.1579,-21.9311,12.371,-2.09446,18.5441,10.5667,16.5732
3.10017,-6.27331,15.9807,22.8023,1.44397,3.14739,7.26132,-29.5314,-27.4846,-2.7669
11.7367,-18.4448,7.28415,1.68384,18.886,-8.27003,-6.27409,-27.0901,6.49344,13.1742
-15.011,15.0508,5.54714,6.22475,16.0853,5.3001,-24.9099,17.4569,12.9766,-25.757
2.562,-17.3435,27.4412,19.6297,20.2973,-1.19597,28.2246,2.96787,27.0079,-24.3306
8.54213,-3.15113,14.4534,0.275018,8.60818,-28.2259,26.0905,-27.827,25.5614,18.2556
24.4248,-27.2672,25.9803,-15.8486,27.1651,18.7234,17.6906,-9.55451,8.30839,-23.8717
20.1321,22.5759,29.3061,1.95492,19.0806,-29.8977,-4.92772,-9.85421,28.5861,8.6726
18.3305,24.5774,17.4826,23.3686,23.623,21.5943,11.2187,-18.8787,6.07353,19.921
22.7205,3.94112,8.55086,-29.0515,22.3229,1.28159,19.8592,-25.6872,25.1245,-12.8128
-8.98869,-1.4907,3.89142,-15.0649,26.7348,14.9539,10.1379,-1.17499,-19.3092,-11.3527
2.81342,22.1192,-6.86688,-13.9761,5.13172,-14.6389,-25.7827,6.37295,-19.0329,-4.56823
24.1428,6.73526,23.6413,22.9711,-24.6285,-9.48577,-14.1521,4.49553,-22.7192,-23.788
28.4835,6.68866,1.29171,19.4507,-5.4324,17.741,18.0307,13.1389,-25.4131,28.0103
5.58596,-17.5082,-13.6388,-16.2093,2.01502,21.6689,15.0473,-27.6281,5.74191,28.4212
22.9323,13.1498,-18.0799,-13.1604,-24.6167,-12.4035,-17.0463,21.4265,-1.57821,-16.5577
-10.1795,15.1761,27.022,-25.3219,-22.0394,-18.6005,29.8104,-6.69956,-13.1983,-29.8723
21.7113,0.5157,-9.32176,26.2139,-14.9401,20.765,-5.67516,8.38994,-6.09066,20.1241
15.656,28.2679,14.3982,-4.57136,-26.0812,27.9198,-15.8257,-9.18605,-7.44712,-20.1874
6.45057,27.6422,-2.74596,14.5265,7.39941,-27.1448,-1.2626,-29.6769,-2.88244,-9.4275
13.104,1.37104,22.5469,-8.50781,-9.6253,13.6271,5.65745,-10.1488,6.33645,-13.9089
19.1942,-17.2312,-20.4354,22.9922,13.5008,-8.90875,0.671163,20.9173,-17.3642,20.8122
-29.4957,6.49754,-20.412,21.0393,-11.6199,-17.4507,5.4589,11.436,6.93302,19.8129
8.58422,12.3258,-19.5189,-14.643,28.8799,-9.84519,24.0228,-18.2474,2.9798,-14.7777
-21.2727,4.32978,13.5692,12.1343,16.5467,20.8527,14.9916,0.909812,23.9808,-18.1719
2.34419,22.8178,14.1529,-19.8459,-16.7097,-16.6756,4.58592,-12.8231,-2.63879,10.0555
-18.812,2.095,-5.4342,21.2891,-18.3597,-18.291,-3.36869,3.41351,-12.3583,10.3242
3.5411,0.323323,11.6072,-25.456,-12.0257,21.4302,17.922,13.3906,20.9657,-29.1251
0,0,0,0,0,0,0,0,0,0
-9.07209,1.01117,-0.765363,-0.574678,2.78492,10.5253,63.892,65.5525,22.5364,-23.5688
-11.2223,-4.89021,-1.14836,7.91735,54.8149,-38.0291,-76.4694,38.1885,14.0455,-10.1433
-9.12839,5.78531,7.99803,-6.93989,54.5892,-40.3022,-41.3448,10.3649,-12.9806,-35.1942
-12.0623,-7.3005,-4.65924,2.96107,39.6584,42.7283,27.0637,-25.4762,24.6869,57.1395
-10.3893,-2.96621,5.40733,3.57761,13.7685,-62.6804,33.1264,48.0914,-9.43733,1.46008
4.8074,-0.0249375,4.01388,-2.67752,50.4204,-9.55464,-57.7139,-16.0277,64.718,0.691213
1.55911,3.80743,-0.384124,-0.937694,20.2182,9.87122,-25.5577,-23.2005,7.23481,10.0294
-8.34575,7.60131,7.45938,1.25624,58.8826,-18.1107,27.2105,-1.18507,7.74733,-49.9937
10.4762,-3.77462,-8.9618,7.84024,47.4318,-75.7834,55.8534,8.22907,-22.5738,7.56919
0.680165,5.05124,-5.9664,2.95683,23.0445,-30.1664,-37.1745,-71.2382,-14.3291,-16.4591
-11.7856,-1.22365,-2.93133,1.78782,-20.437,31.8182,52.2481,-11.8758,56.0958,50.7423
-11.1737,-0.465991,2.74008,7.2488,-39.1127,-45.1036,-11.9487,18.5965,61.1287,-43.0279
12.6483,-6.06185,8.27481,-2.74392,38.1422,-41.0494,-65.709,38.2226,59.8856,36.6544
-4.88944,-9.9208,0.724696,-5.06957,-43.9941,9.0688,-12.8683,12.2675,-50.4202,-7.52683
11.9736,-6.23549,7.95654,3.88565,24.2108,14.057,69.2095,-44.0208,-37.1453,0.583933
12.8155,5.63191,8.55556,5.6469,38.4545,11.3826,-0.464118,-20.1044,-7.77238,-32.8856
-8.93971,0.330633,-5.83378,6.29459,-33.2556,-64.0866,-41.4959,17.1537,6.28513,37.5807
1.40994,6.01645,4.02214,2.47126,29.786,33.0177,10.747,43.8785,-56.2629,64.0613
12.1167,-6.12576,-0.756348,5.02584,56.2579,-32.2554,-18.391,-4.90985,-4.99465,30.9216
4.93273,7.37337,4.034,-0.5814,-1.71485,38.0139,57.1723,-18.3732,-20.6781,16.0857
8.59211,8.59894,-0.769955,6.57322,16.361,-0.184303,20.5293,26.7003,26.2382,48.4325
2.58493,-5.58559,-8.91228,5.70437,36.885,-31.6414,50.3061,4.11147,6.30565,-71.7258
-8.30974,-7.81592,1.81067,1.85463,38.5011,-48.7445,-34.2024,56.8661,15.6364,57.0527
2.32646,-0.795887,-8.2774,1.53654,-10.6191,-30.9178,4.21832,15.0649,-23.9091,-19.4986
-0.822762,-5.19057,4.12925,-2.79985,58.1825,-42.302,-81.4644,-28.8803,45.2762,29.439
5.22947,-6.40571,8.95617,6.36361,-14.4823,31.9888,-69.8394,3.8431,56.1404,-24.101
-11.6917,-2.73032,2.32567,7.79823,-65.2218,-23.785,22.2672,-23.3501,-22.0277,-3.02352
-9.56492,-0.848625,-7.90509,4.75252,-52.2557,-55.1043,4.83542,58.9915,44.5186,-78.3569
-5.26579,-1.8437,-1.17043,3.68794,-32.6823,81.6881,-20.0755,-44.643,51.4206,31.284
-12.307,9.1369,-0.688911,-7.88994,-68.6242,39.4711,12.9305,-0.928297,-55.4202,28.43
0,0,0,0,0,0,0,0,0,0
64.3069,32.7254,-4.02363,-6.82649,39.661,72.2011,62.182,26.0794,59.8681,-1.96891
55.6391,20.3735,2.3662,48.1774,58.3502,43.2928,-7.2019,13.5262,55.028,39.1397
46.558,-0.401751,43.1262,10.0176,91.7215,8.95695,27.4352,44.611,-3.55226,40.8701
55.3634,40.8159,-2.25071,27.6843,67.5061,42.8209,-5.68712,51.699,38.7985,-4.93971
36.7648,11.7739,23.779,-1.29942,47.5156,21.0524,32.0265,70.3396,6.34212,31.18
41.3968,0.524811,4.1404,42.2821,-8.28929,15.9627,6.62696,35.4874,3.37263,37.3077
43.8433,61.3248,-2.73685,27.4827,-7.84326,96.088,59.7535,1.89549,44.4859,2.24051
12.6475,13.509,23.958,51.3003,60.0348,68.0606,50.2438,13.3807,49.3085,30.4598
13.8292,34.7802,31.1561,14.0813,3.2169,40.25,26.3734,28.4674,10.8531,8.26103
4.2789,-5.22675,75.1386,49.9897,36.5829,63.8686,12.6914,1.3738,67.884,-6.84276
51.7481,63.5814,51.3543,5.54746,71.3895,75.2345,27.8316,41.0691,30.4476,12.597
11.0752,77.4102,0.876958,87.8199,-9.76326,8.23223,-7.12355,29.6726,48.8915,34.076
34.117,31.1732,-0.278418,20.3856,-8.29679,15.9518,48.3219,0.255995,67.9628,-9.39954
32.0517,31.1084,15.1301,38.4378,46.3359,23.68,26.0777,87.8047,76.66,4.10611
19.8546,87.8641,38.9318,8.63174,13.938,59.9281,87.7869,-1.24739,-4.77449,10.4688
6.12624,80.3418,88.1119,47.022,-7.61171,47.1136,35.8808,13.957,-2.46227,39.0232
42.2951,54.8643,71.4663,42.5467,22.5974,20.3457,53.9388,63.6746,11.4848,21.6653
5.30536,24.1204,56.0272,55.3005,21.1831,71.1382,59.3769,28.5238,23.1664,-4.95546
8.7724,9.65013,8.62542,-2.15597,7.38289,-1.2486,67.4893,7.9233,57.0776,23.5007
27.3244,35.1812,42.032,11.6021,12.4878,-8.20096,42.0172,15.1863,100,-0.922719
3.81856,36.3622,48.868,14.2229,32.889,23.5019,1.65992,67.5291,12.1469,22.7725
35.0051,10.5827,41.6934,27.6345,-0.409902,19.1763,-4.88163,48.1757,25.9084,34.2556
21.1401,22.8343,18.8901,48.3069,31.9835,-4.95989,-4.29401,24.204,5.40922,40.5371
5.39973,16.2115,34.8073,34.9959,7.76367,21.6234,19.0392,-8.32405,11.6943,31.8309
-0.921329,10.2253,2.78293,2.66086,95.9104,60.449,47.4873,64.2247,38.5477,24.2162
11.5717,19.7524,-4.43965,18.7873,18.9983,79.2215,22.1824,17.1508,95.9782,-9.30165
54.8683,-7.59923,87.5705,4.17356,67.2601,23.8943,20.2799,44.6767,43.3686,9.09075
54.8488,87.8703,60.0144,47.5394,6.20492,92.2856,28.3985,4.32658,13.167,3.92798
-3.04621,14.9907,14.9307,11.1613,71.9321,8.32902,13.9431,10.9971,46.5936,9.63552
17.5559,59.7425,48.3068,88.1531,3.2631,80.0878,16.9594,17.7537,47.5365,63.1427
0,0,0,0,0,0,0,0,0,0
-0.0547526,-0.0549821,-0.0546889,-0.0550002,-0.0550023,-0.055,0.0033409,-0.0549658,-0.055,63.5496
-0.055,-0.055,-0.055,-0.055,-0.055,-0.055,-0.055,-0.055,-0.055,-75.9023
-0.055,-0.0283614,-0.0549993,-0.0549677,-0.055,-0.055,0.00594285,-0.055,-0.055,-23.8279
0.00126667,-0.0543549,-0.0552817,-0.0549951,-0.0575423,-0.0666324,-0.0549889,-0.0549991,-0.0549954,24.6589
-0.0548335,-0.055,-0.055,-0.055,-0.055,-0.055,0.00515896,-0.055,-0.0550328,-12.6004
-0.055,-0.055,-0.055,-0.055,-0.055,-0.055,-0.055,-0.055,-0.055,-9.57812
-0.0550469,0.00392996,-0.055,-0.0549998,-0.0411613,-0.0549726,-0.055,-0.0546767,-0.055,-38.0367
-0.055,-0.055,-0.055,-0.055,-0.055,-0.055,-0.055,-0.055,-0.055,70.7914
-0.055,-0.055,-0.055,-0.055,-0.055,-0.055,-0.055,-0.055,-0.055,20.0744
-0.055,-0.055,-0.055,-0.055,-0.055,-0.055,-0.055,-0.055,-0.055,29.1855
-0.0549983,-0.00158388,-0.055,-0.0550002,-0.0550005,-0.055,-0.0552431,-0.055,-0.054739,-83.9799
-0.055,-0.055,-0.055,-0.055,-0.055,-0.055,-0.055,-0.055,-0.055,-57.7328
-0.055,-0.055,-0.055,-0.055,-0.055,-0.055,-0.055,-0.055,-0.055,-14.811
-0.055,-0.055,-0.055,-0.055,-0.055,-0.055,-0.055,-0.055,-0.055,34.6734
-0.0550028,-0.0550002,-0.055,0.00582062,-0.055,-0.055006,-0.0550581,-0.055,-0.055,-0.325772
-0.055,-0.0542193,-0.00205717,-0.0547975,-0.0550247,-0.055,-0.055,-0.0550001,-0.0549969,3.85913
-0.055,-0.055,-0.055,-0.055,-0.055,-0.055,-0.055,-0.055,-0.055,70.7223
-0.055,-0.055,-0.055,-0.055,-0.055,-0.055,-0.055,-0.055,-0.055,-45.0852
-0.055,-0.055,-0.055,-0.055,-0.055,-0.055,-0.055,-0.055,-0.055,83.6986
-0.0550496,-0.0524895,-0.0550855,-0.0549659,-0.055,-0.0200564,0.00605237,-0.0550742,-0.055,79.771
-0.055,-0.055,-0.055,-0.055,-0.055,-0.055,-0.055,-0.055,-0.055,-95.9543
-0.055,-0.055,-0.055,-0.055,-0.055,-0.055,-0.055,-0.055,-0.055,19.9741
-0.00392825,-0.0550029,-0.055,-0.056298,-0.055,-0.0549999,-0.055,-0.055,-0.055,-12.0065
-0.055,-0.055,-0.055,-0.055,-0.055,-0.055,-0.055,-0.055,-0.055,44.1343
-0.055,-0.055,-0.055,-0.055,-0.055,-0.055,-0.055,-0.055,-0.055,-86.757
-0.055,-0.055,-0.055,-0.055,-0.055,-0.055,-0.055,-0.055,-0.055,96.6994
-0.0550005,-0.055,-0.055332,-0.055,-0.00233368,-0.055,-0.054996,-0.055,-0.0549973,24.9559
-0.055,-0.055,-0.055,-0.000926177,0.0351757,-0.0236457,-0.055,-0.055,-0.0549995,2.05804
-0.0550168,-0.055,-0.0549297,-0.0551415,0.0050412,-0.0549594,-0.055,-0.055,-0.0509209,56.1671
-0.0550274,-0.055,-0.0549976,0.00262515,-0.055,-0.0550933,-0.0549974,-0.0497442,-0.0547891,-95.1798
0,0,0,0,0,0,0,0,0,0
-50.4172,56.5622,34.461,-18.1539,-15.2652,47.0784,-14.4517,47.3602,-56.5758,-45.3903
-46.7575,-27.8387,12.9947,81.4077,-8.38163,-7.77103,80.6852,10.2247,-75.1218,-17.9209
10.6732,-20.1468,91.4833,97.407,32.0849,28.256,-52.9737,-21.34,21.4577,42.0858
-56.5692,-0.747561,39.1093,-37.7749,87.8248,-34.8011,17.5325,43.2858,86.2021,-45.3953
-12.5869,-7.34591,18.7888,-11.9219,-31.7719,-18.9386,51.657,-5.16958,-59.8997,41.4188
-3.61223,-47.1448,-69.1109,-45.4119,-59.8589,-31.4223,68.6578,-6.15084,25.1533,-36.5798
-0.302739,-59.032,65.527,-81.7842,-18.9411,25.5896,28.6777,-3.49476,-12.6357,-51.0705
-23.2828,18.6717,34.5331,12.4695,-81.7482,19.3022,-68.9403,20.3324,9.19822,-45.531
4.38427,-27.4792,22.926,-40.7947,-75.8589,80.1624,68.8812,0.913941,-14.3906,-63.9205
0.431443,-18.6906,42.8647,81.5283,-69.2558,8.15492,-87.5418,19.3914,-94.1685,-96.9154
41.9129,-28.2083,-18.8881,-17.5322,-56.6367,28.2382,-21.3408,-69.4617,17.5974,76.0245
-53.051,-20.1547,-23.1531,-20.622,19.8868,37.8543,-21.8063,-62.6647,-6.44031,43.7715
74.7588,39.996,4.98298,4.19302,-15.1537,-61.7085,22.3738,84.9761,12.8053,-9.30812
-10.3693,-13.4587,-40.8828,-21.7396,-56.112,21.8707,37.3081,-59.5278,3.67828,90.4107
75.4352,-94.1925,-94.708,27.7072,0.948222,22.7857,-44.0248,-14.696,59.5654,-17.9057
-35.0971,44.2341,38.9738,-72.5591,-13.0008,56.5681,47.0101,-7.17843,-13.308,27.0172
-47.0519,-20.237,19.0696,-12.748,-10.3491,-26.592,-50.558,-0.427991,14.598,9.3937
18.7881,21.862,-81.8541,-28.0711,6.70133,-41.2249,-75.8299,-53.1537,-3.67638,62.76
-10.3547,-22.4053,15.6541,52.922,-79.0302,-5.06911,-75.4597,93.7228,24.3512,-53.2884
-21.2592,-60.9237,27.9743,0.698232,-88.0942,15.963,-56.2455,-31.2929,-97.5354,51.3501
-2.8512,-5.65594,24.7988,68.721,12.2213,-59.7679,28.4282,25.1579,-20.807,-95.0051
22.0396,13.9207,-69.9335,9.86084,63.0288,75.0922,9.41452,12.4131,-64.6141,26.5791
-24.1044,-8.04993,78.5339,-77.9788,-44.9093,3.62396,22.5352,-20.0058,62.4534,12.8594
-84.9179,-66.5893,24.8886,-4.6808,-3.71781,-14.8491,59.6667,22.001,-28.3368,-95.8032
50.2131,2.06222,22.2373,13.5034,8.75542,37.3996,72.5884,-37.8017,-3.13978,75.2927
44.2162,-53.3948,94.018,-78.4376,-94.1324,-38.66,9.62737,-2.26832,38.4859,-16.5735
6.12778,-0.609447,31.0836,-37.8864,-8.67447,-91.1703,59.7063,-43.6781,37.6476,-44.5944
-43.9281,-18.9803,31.5656,37.5646,-59.7641,22.1883,-8.49443,-3.49306,-87.9115,-15.2804
-40.7477,75.5307,-8.20958,-30.2253,50.1285,-73.522,11.7624,47.4989,-3.38051,-55.3697
-33.8363,32.8291,-31.1079,-94.3658,14.2759,1.13449,15.834,27.7591,75.6943,42.7325
0,0,0,0,0,0,0,0,0,0
