{
    "C": {
        "color": "#149848", 
        "transfers": [
            [
                "C3", 
                "F15"
            ], 
            [
                "C4", 
                "Z2"
            ], 
            [
                "C4", 
                "G2"
            ], 
            [
                "C7", 
                "M14"
            ], 
            [
                "C7", 
                "N6"
            ], 
            [
                "C7", 
                "G6"
            ], 
            [
                "C8", 
                "M15"
            ], 
            [
                "C8", 
                "H6"
            ], 
            [
                "C9", 
                "H7"
            ], 
            [
                "C9", 
                "Y18"
            ], 
            [
                "C11", 
                "T9"
            ], 
            [
                "C11", 
                "M18"
            ], 
            [
                "C11", 
                "Z8"
            ], 
            [
                "C12", 
                "M19"
            ], 
            [
                "C18", 
                "H21"
            ]
        ], 
        "travel_times": [
            [
                "C1", 
                "C2", 
                2
            ], 
            [
                "C2", 
                "C3", 
                2
            ], 
            [
                "C3", 
                "C4", 
                1
            ], 
            [
                "C4", 
                "C5", 
                2
            ], 
            [
                "C5", 
                "C6", 
                2
            ], 
            [
                "C6", 
                "C7", 
                2
            ], 
            [
                "C7", 
                "C8", 
                1
            ], 
            [
                "C8", 
                "C9", 
                3
            ], 
            [
                "C9", 
                "C10", 
                1
            ], 
            [
                "C10", 
                "C11", 
                2
            ], 
            [
                "C11", 
                "C12", 
                2
            ], 
            [
                "C12", 
                "C13", 
                2
            ], 
            [
                "C13", 
                "C14", 
                2
            ], 
            [
                "C14", 
                "C15", 
                2
            ], 
            [
                "C15", 
                "C16", 
                2
            ], 
            [
                "C16", 
                "C17", 
                3
            ], 
            [
                "C17", 
                "C18", 
                3
            ], 
            [
                "C18", 
                "C19", 
                3
            ]
        ]
    }, 
    "G": {
        "color": "#f59230", 
        "transfers": [
            [
                "G1", 
                "Z1"
            ], 
            [
                "G1", 
                "F16"
            ], 
            [
                "G2", 
                "Z2"
            ], 
            [
                "G2", 
                "C4"
            ], 
            [
                "G4", 
                "Z3"
            ], 
            [
                "G5", 
                "M13"
            ], 
            [
                "G5", 
                "Y16"
            ], 
            [
                "G5", 
                "Z4"
            ], 
            [
                "G5", 
                "N7"
            ], 
            [
                "G6", 
                "N6"
            ], 
            [
                "G6", 
                "M14"
            ], 
            [
                "G6", 
                "C7"
            ], 
            [
                "G9", 
                "M16"
            ], 
            [
                "G9", 
                "H8"
            ], 
            [
                "G11", 
                "T10"
            ], 
            [
                "G12", 
                "Z9"
            ], 
            [
                "G15", 
                "H16"
            ], 
            [
                "G16", 
                "H17"
            ]
        ], 
        "travel_times": [
            [
                "G1", 
                "G2", 
                2
            ], 
            [
                "G2", 
                "G3", 
                1
            ], 
            [
                "G3", 
                "G4", 
                2
            ], 
            [
                "G4", 
                "G5", 
                2
            ], 
            [
                "G5", 
                "G6", 
                2
            ], 
            [
                "G6", 
                "G7", 
                2
            ], 
            [
                "G7", 
                "G8", 
                2
            ], 
            [
                "G8", 
                "G9", 
                2
            ], 
            [
                "G9", 
                "G10", 
                1
            ], 
            [
                "G10", 
                "G11", 
                2
            ], 
            [
                "G11", 
                "G12", 
                2
            ], 
            [
                "G12", 
                "G13", 
                1
            ], 
            [
                "G13", 
                "G14", 
                2
            ], 
            [
                "G14", 
                "G15", 
                2
            ], 
            [
                "G15", 
                "G16", 
                1
            ], 
            [
                "G16", 
                "G17", 
                2
            ], 
            [
                "G17", 
                "G18", 
                1
            ], 
            [
                "G18", 
                "G19", 
                2
            ]
        ]
    }, 
    "F": {
        "color": "#b96528", 
        "transfers": [
            [
                "F1", 
                "Y1"
            ], 
            [
                "F2", 
                "Y2"
            ], 
            [
                "F3", 
                "Y3"
            ], 
            [
                "F4", 
                "Y4"
            ], 
            [
                "F5", 
                "Y5"
            ], 
            [
                "F6", 
                "Y6"
            ], 
            [
                "F7", 
                "Y7"
            ], 
            [
                "F8", 
                "Y8"
            ], 
            [
                "F9", 
                "Y9"
            ], 
            [
                "F9", 
                "M25"
            ], 
            [
                "F13", 
                "M9"
            ], 
            [
                "F15", 
                "C3"
            ], 
            [
                "F16", 
                "Z1"
            ], 
            [
                "F16", 
                "G1"
            ]
        ], 
        "travel_times": [
            [
                "F1", 
                "F2", 
                3
            ], 
            [
                "F2", 
                "F3", 
                2
            ], 
            [
                "F3", 
                "F4", 
                3
            ], 
            [
                "F4", 
                "F5", 
                2
            ], 
            [
                "F5", 
                "F6", 
                2
            ], 
            [
                "F6", 
                "F7", 
                2
            ], 
            [
                "F7", 
                "F8", 
                2
            ], 
            [
                "F8", 
                "F9", 
                2
            ], 
            [
                "F9", 
                "F10", 
                3
            ], 
            [
                "F10", 
                "F11", 
                2
            ], 
            [
                "F11", 
                "F12", 
                2
            ], 
            [
                "F12", 
                "F13", 
                2
            ], 
            [
                "F13", 
                "F14", 
                3
            ], 
            [
                "F14", 
                "F15", 
                2
            ], 
            [
                "F15", 
                "F16", 
                2
            ]
        ]
    }, 
    "H": {
        "color": "#9cacb5", 
        "transfers": [
            [
                "H6", 
                "M15"
            ], 
            [
                "H6", 
                "C8"
            ], 
            [
                "H7", 
                "Y18"
            ], 
            [
                "H7", 
                "C9"
            ], 
            [
                "H8", 
                "M16"
            ], 
            [
                "H8", 
                "G9"
            ], 
            [
                "H12", 
                "T11"
            ], 
            [
                "H16", 
                "G15"
            ], 
            [
                "H17", 
                "G16"
            ], 
            [
                "H21", 
                "C18"
            ]
        ], 
        "travel_times": [
            [
                "H1", 
                "H2", 
                3
            ], 
            [
                "H2", 
                "H3", 
                3
            ], 
            [
                "H3", 
                "H4", 
                3
            ], 
            [
                "H4", 
                "H5", 
                3
            ], 
            [
                "H5", 
                "H6", 
                2
            ], 
            [
                "H6", 
                "H7", 
                3
            ], 
            [
                "H7", 
                "H8", 
                1
            ], 
            [
                "H8", 
                "H9", 
                2
            ], 
            [
                "H9", 
                "H10", 
                2
            ], 
            [
                "H10", 
                "H11", 
                2
            ], 
            [
                "H11", 
                "H12", 
                1
            ], 
            [
                "H12", 
                "H13", 
                3
            ], 
            [
                "H13", 
                "H14", 
                1
            ], 
            [
                "H14", 
                "H15", 
                2
            ], 
            [
                "H15", 
                "H16", 
                2
            ], 
            [
                "H16", 
                "H17", 
                1
            ], 
            [
                "H17", 
                "H18", 
                2
            ], 
            [
                "H18", 
                "H19", 
                2
            ], 
            [
                "H19", 
                "H20", 
                2
            ], 
            [
                "H20", 
                "H21", 
                3
            ]
        ]
    }, 
    "M": {
        "color": "#ff0000", 
        "transfers": [
            [
                "M9", 
                "F13"
            ], 
            [
                "M12", 
                "N8"
            ], 
            [
                "M13", 
                "G5"
            ], 
            [
                "M13", 
                "Y16"
            ], 
            [
                "M13", 
                "Z4"
            ], 
            [
                "M13", 
                "N7"
            ], 
            [
                "M14", 
                "C7"
            ], 
            [
                "M14", 
                "G6"
            ], 
            [
                "M14", 
                "N6"
            ], 
            [
                "M15", 
                "H6"
            ], 
            [
                "M15", 
                "C8"
            ], 
            [
                "M16", 
                "G9"
            ], 
            [
                "M16", 
                "H8"
            ], 
            [
                "M18", 
                "T9"
            ], 
            [
                "M18", 
                "C11"
            ], 
            [
                "M18", 
                "Z8"
            ], 
            [
                "M19", 
                "C12"
            ], 
            [
                "M22", 
                "N11"
            ], 
            [
                "M25", 
                "Y9"
            ], 
            [
                "M25", 
                "F9"
            ]
        ], 
        "travel_times": [
            [
                "M1", 
                "M2", 
                2
            ], 
            [
                "M2", 
                "M3", 
                2
            ], 
            [
                "M3", 
                "M4", 
                2
            ], 
            [
                "M4", 
                "M5", 
                2
            ], 
            [
                "M5", 
                "M6", 
                2
            ], 
            [
                "M6", 
                "M7", 
                2
            ], 
            [
                "M7", 
                "M8", 
                2
            ], 
            [
                "M8", 
                "M9", 
                2
            ], 
            [
                "M9", 
                "M10", 
                1
            ], 
            [
                "M10", 
                "M11", 
                2
            ], 
            [
                "M11", 
                "M12", 
                2
            ], 
            [
                "M12", 
                "M13", 
                3
            ], 
            [
                "M13", 
                "M14", 
                2
            ], 
            [
                "M14", 
                "M15", 
                1
            ], 
            [
                "M15", 
                "M16", 
                3
            ], 
            [
                "M16", 
                "M17", 
                2
            ], 
            [
                "M17", 
                "M18", 
                2
            ], 
            [
                "M18", 
                "M19", 
                2
            ], 
            [
                "M19", 
                "M20", 
                1
            ], 
            [
                "M20", 
                "M21", 
                2
            ], 
            [
                "M21", 
                "M22", 
                2
            ], 
            [
                "M22", 
                "M23", 
                3
            ], 
            [
                "M23", 
                "M24", 
                2
            ], 
            [
                "M24", 
                "M25", 
                3
            ], 
            [
                "m3", 
                "m4", 
                2
            ], 
            [
                "m4", 
                "m5", 
                2
            ], 
            [
                "m5", 
                "M6", 
                2
            ]
        ]
    }, 
    "N": {
        "color": "#1aaca9", 
        "transfers": [
            [
                "N1", 
                "T1"
            ], 
            [
                "N2", 
                "T2"
            ], 
            [
                "N3", 
                "T3"
            ], 
            [
                "N6", 
                "G6"
            ], 
            [
                "N6", 
                "M14"
            ], 
            [
                "N6", 
                "C7"
            ], 
            [
                "N7", 
                "Y16"
            ], 
            [
                "N7", 
                "Z4"
            ], 
            [
                "N7", 
                "G5"
            ], 
            [
                "N7", 
                "M13"
            ], 
            [
                "N8", 
                "M12"
            ], 
            [
                "N9", 
                "Y14"
            ], 
            [
                "N10", 
                "Y13"
            ], 
            [
                "N10", 
                "T6"
            ], 
            [
                "N11", 
                "M22"
            ]
        ], 
        "travel_times": [
            [
                "N1", 
                "N2", 
                2
            ], 
            [
                "N2", 
                "N3", 
                2
            ], 
            [
                "N3", 
                "N4", 
                2
            ], 
            [
                "N4", 
                "N5", 
                2
            ], 
            [
                "N5", 
                "N6", 
                2
            ], 
            [
                "N6", 
                "N7", 
                2
            ], 
            [
                "N7", 
                "N8", 
                2
            ], 
            [
                "N8", 
                "N9", 
                2
            ], 
            [
                "N9", 
                "N10", 
                2
            ], 
            [
                "N10", 
                "N11", 
                2
            ], 
            [
                "N11", 
                "N12", 
                3
            ], 
            [
                "N12", 
                "N13", 
                2
            ], 
            [
                "N13", 
                "N14", 
                2
            ], 
            [
                "N14", 
                "N15", 
                3
            ], 
            [
                "N15", 
                "N16", 
                1
            ], 
            [
                "N16", 
                "N17", 
                3
            ], 
            [
                "N17", 
                "N18", 
                2
            ], 
            [
                "N18", 
                "N19", 
                2
            ]
        ]
    }, 
    "T": {
        "color": "#1aa7d8", 
        "transfers": [
            [
                "T6", 
                "N10"
            ], 
            [
                "T6", 
                "Y13"
            ], 
            [
                "T7", 
                "Z6"
            ], 
            [
                "T9", 
                "M18"
            ], 
            [
                "T9", 
                "C11"
            ], 
            [
                "T9", 
                "Z8"
            ], 
            [
                "T10", 
                "G11"
            ], 
            [
                "T11", 
                "H12"
            ]
        ], 
        "travel_times": [
            [
                "T1", 
                "T2", 
                0
            ], 
            [
                "T2", 
                "T3", 
                3
            ], 
            [
                "T3", 
                "T4", 
                6
            ], 
            [
                "T4", 
                "T5", 
                9
            ], 
            [
                "T5", 
                "T6", 
                11
            ], 
            [
                "T6", 
                "T7", 
                13
            ], 
            [
                "T7", 
                "T8", 
                14
            ], 
            [
                "T8", 
                "T9", 
                16
            ], 
            [
                "T9", 
                "T10", 
                18
            ], 
            [
                "T10", 
                "T11", 
                20
            ], 
            [
                "T11", 
                "T12", 
                21
            ], 
            [
                "T12", 
                "T13", 
                24
            ], 
            [
                "T13", 
                "T14", 
                26
            ], 
            [
                "T14", 
                "T15", 
                27
            ], 
            [
                "T15", 
                "T16", 
                30
            ], 
            [
                "T16", 
                "T17", 
                33
            ], 
            [
                "T17", 
                "T18", 
                35
            ], 
            [
                "T18", 
                "T19", 
                37
            ], 
            [
                "T19", 
                "T20", 
                39
            ], 
            [
                "T20", 
                "T21", 
                41
            ], 
            [
                "T21", 
                "T22", 
                43
            ], 
            [
                "T22", 
                "T23", 
                46
            ], 
            [
                "T23", 
                "T24", 
                49
            ]
        ]
    }, 
    "Y": {
        "color": "#ede7c3", 
        "transfers": [
            [
                "Y1", 
                "F1"
            ], 
            [
                "Y2", 
                "F2"
            ], 
            [
                "Y3", 
                "F3"
            ], 
            [
                "Y4", 
                "F4"
            ], 
            [
                "Y5", 
                "F5"
            ], 
            [
                "Y6", 
                "F6"
            ], 
            [
                "Y7", 
                "F7"
            ], 
            [
                "Y8", 
                "F8"
            ], 
            [
                "Y9", 
                "F9"
            ], 
            [
                "Y9", 
                "M25"
            ], 
            [
                "Y13", 
                "T6"
            ], 
            [
                "Y13", 
                "N10"
            ], 
            [
                "Y14", 
                "N9"
            ], 
            [
                "Y16", 
                "Z4"
            ], 
            [
                "Y16", 
                "N7"
            ], 
            [
                "Y16", 
                "G5"
            ], 
            [
                "Y16", 
                "M13"
            ], 
            [
                "Y18", 
                "H7"
            ], 
            [
                "Y18", 
                "C9"
            ]
        ], 
        "travel_times": [
            [
                "Y1", 
                "Y2", 
                4
            ], 
            [
                "Y2", 
                "Y3", 
                2
            ], 
            [
                "Y3", 
                "Y4", 
                3
            ], 
            [
                "Y4", 
                "Y5", 
                2
            ], 
            [
                "Y5", 
                "Y6", 
                2
            ], 
            [
                "Y6", 
                "Y7", 
                2
            ], 
            [
                "Y7", 
                "Y8", 
                2
            ], 
            [
                "Y8", 
                "Y9", 
                3
            ], 
            [
                "Y9", 
                "Y10", 
                2
            ], 
            [
                "Y10", 
                "Y11", 
                2
            ], 
            [
                "Y11", 
                "Y12", 
                2
            ], 
            [
                "Y12", 
                "Y13", 
                3
            ], 
            [
                "Y13", 
                "Y14", 
                2
            ], 
            [
                "Y14", 
                "Y15", 
                2
            ], 
            [
                "Y15", 
                "Y16", 
                1
            ], 
            [
                "Y16", 
                "Y17", 
                2
            ], 
            [
                "Y17", 
                "Y18", 
                2
            ], 
            [
                "Y18", 
                "Y19", 
                2
            ], 
            [
                "Y19", 
                "Y20", 
                2
            ], 
            [
                "Y20", 
                "Y21", 
                2
            ], 
            [
                "Y21", 
                "Y22", 
                2
            ], 
            [
                "Y22", 
                "Y23", 
                3
            ], 
            [
                "Y23", 
                "Y24", 
                2
            ]
        ]
    }, 
    "Z": {
        "color": "#a384bf", 
        "transfers": [
            [
                "Z1", 
                "F16"
            ], 
            [
                "Z1", 
                "G1"
            ], 
            [
                "Z2", 
                "C4"
            ], 
            [
                "Z2", 
                "G2"
            ], 
            [
                "Z3", 
                "G4"
            ], 
            [
                "Z4", 
                "Y16"
            ], 
            [
                "Z4", 
                "N7"
            ], 
            [
                "Z4", 
                "M13"
            ], 
            [
                "Z4", 
                "G5"
            ], 
            [
                "Z6", 
                "T7"
            ], 
            [
                "Z8", 
                "M18"
            ], 
            [
                "Z8", 
                "C11"
            ], 
            [
                "Z8", 
                "T9"
            ], 
            [
                "Z9", 
                "G12"
            ]
        ], 
        "travel_times": [
            [
                "Z1", 
                "Z2", 
                3
            ], 
            [
                "Z2", 
                "Z3", 
                2
            ], 
            [
                "Z3", 
                "Z4", 
                2
            ], 
            [
                "Z4", 
                "Z5", 
                2
            ], 
            [
                "Z5", 
                "Z6", 
                2
            ], 
            [
                "Z6", 
                "Z7", 
                2
            ], 
            [
                "Z7", 
                "Z8", 
                2
            ], 
            [
                "Z8", 
                "Z9", 
                2
            ], 
            [
                "Z9", 
                "Z10", 
                3
            ], 
            [
                "Z10", 
                "Z11", 
                3
            ], 
            [
                "Z11", 
                "Z12", 
                3
            ], 
            [
                "Z12", 
                "Z13", 
                2
            ], 
            [
                "Z13", 
                "Z14", 
                2
            ]
        ]
    }
}